##contig=<ID=chrM,length=16571>
chrM	62	G	A	22.6351
chrM	73	G	A	999
chrM	111	A	C	32.5405
chrM	150	T	C	999
chrM	173	T	A	28.7372
chrM	195	C	T	999
chrM	204	T	C	182
chrM	223	T	C	50
chrM	226	T	G	62
chrM	234	A	G	22.9778
chrM	243	A	T	64
chrM	302	ACCCCCCCC	ACCCCCCC	282
chrM	303	C	A	530
chrM	304	C	A	42.9265
chrM	326	C	T	999
chrM	359	A	C	3.18281
chrM	410	A	T	999
chrM	608	A	G	999
chrM	706	T	C	31.2188
chrM	895	G	A	17.619
chrM	903	G	A	13.4349
chrM	1013	CAAAA	CAAA	54
chrM	1082	A	G	65
chrM	1201	G	A	56
chrM	1386	A	AA	19.5817
chrM	1422	T	C	73
chrM	1486	C	T	17.7567
chrM	1585	A	G	119
chrM	1605	A	C	12.7153
chrM	1612	A	T	41.5604
chrM	1625	G	T	10.7942
chrM	1634	T	G	46.1034
chrM	1672	A	G	999
chrM	1777	A	G	123
chrM	2043	T	C	750
chrM	2180	AAAA	AAAAA	31.0326
chrM	2183	AG	AAG	24.622
chrM	2354	C	T	999
chrM	2457	T	C	61
chrM	2485	C	T,G	999
chrM	2619	A	T	999
chrM	2698	A	G	38.6246
chrM	2708	G	A	999
chrM	3012	G	A	999
chrM	3219	A	T	463
chrM	3221	A	T	349
chrM	3339	T	C	53
chrM	3386	A	G	51
chrM	3410	AAA	AAAA	24.3591
chrM	3412	AGG	AAGG	24.4291
chrM	3562	A	G	6.55665
chrM	3650	T	C	806
chrM	3666	G	A	32.8787
chrM	4062	C	A	273
chrM	4065	A	T	398
chrM	4265	G	A	999
chrM	4279	A	T	51
chrM	4453	T	C	5.09847
chrM	4510	T	C	9.4975
chrM	4800	C	T	22.1136
chrM	4808	T	A	4.97133
chrM	4880	C	T	86
chrM	4948	T	C	46.5728
chrM	4979	T	C	11.8149
chrM	5228	G	C	30.5093
chrM	5304	C	T	22.0073
chrM	5413	T	C	93
chrM	5461	G	A	999
chrM	5501	T	C	15.028
chrM	5581	C	T,G	218
chrM	5694	T	G	26.1543
chrM	5747	G	A	24.5403
chrM	5811	A	G	35.1624
chrM	5933	C	T	41.6632
chrM	6262	G	A	113
chrM	6317	A	T	41.9535
chrM	6380	T	C	29.8567
chrM	6516	T	C	77
chrM	6667	T	C	3.80007
chrM	7001	T	C	9.57983
chrM	7027	G	C	23.4834
chrM	7029	T	C	999
chrM	7138	A	AA	3.6959
chrM	7220	G	A	47.4047
chrM	7252	T	C	90
chrM	7510	T	C	183
chrM	7515	CAAAAA	CAAAA	8.44691
chrM	7546	T	C	37.39
chrM	7680	T	C	120
chrM	7702	T	G	58
chrM	7715	C	T	29.1979
chrM	7717	T	C	25.8572
chrM	7718	A	T	28.5193
chrM	7828	T	C	21.592
chrM	8020	C	T	47.3975
chrM	8175	T	C	9.59589
chrM	8301	TAAA	TAA	49.9187
chrM	8304	A	G	26.245
chrM	8319	A	C	27.3566
chrM	8323	T	C	9.55018
chrM	8362	G	T	999
chrM	8363	T	G	999
chrM	8365	A	G	999
chrM	8513	A	G	999
chrM	8640	T	C	4.55564
chrM	8702	G	A	999
chrM	8865	T	A	4.50466
chrM	8951	G	A	67
chrM	9022	T	C	9.89574
chrM	9056	G	C	58
chrM	9138	T	G	7.54127
chrM	9180	T	C	6.72067
chrM	9271	CT	CCT	6.47943
chrM	9307	T	C	68
chrM	9356	A	T	13.1384
chrM	9377	G	A	14.3403
chrM	9378	G	A	999
chrM	9379	T	G	343
chrM	9380	G	A	18.9797
chrM	9381	G	A	65
chrM	9382	C	T	107
chrM	9383	G	A	97
chrM	9541	C	T	999
chrM	9542	T	C	45.5859
chrM	9772	T	TT	3.57453
chrM	9886	T	C	73
chrM	10048	CAAAAAA	CAAAAA	5.95387
chrM	10059	A	G	16.8126
chrM	10198	G	A	43.9025
chrM	10235	C	T	126
chrM	10274	T	C	41.2475
chrM	10399	G	A	999
chrM	10401	C	A	10.5243
chrM	10405	T	C	81
chrM	10414	A	T,G	66
chrM	10465	T	C	56
chrM	10564	T	C	9.91208
chrM	10820	G	A	999
chrM	10874	C	T	999
chrM	11018	C	T	999
chrM	11193	G	C	13.4883
chrM	11344	T	C	809
chrM	11422	T	C	661
chrM	11668	T	C	55
chrM	11720	A	G	999
chrM	11723	C	T	999
chrM	11730	T	C	25.6426
chrM	11828	T	C	4.32774
chrM	11896	T	C	72
chrM	11902	T	C	22.0414
chrM	11970	G	C	79
chrM	11993	T	C	55
chrM	12001	C	T	31.4474
chrM	12139	G	A	4.65134
chrM	12147	A	G	3.44267
chrM	12324	T	G	999
chrM	12326	C	A	999
chrM	12327	A	G	999
chrM	12329	A	G	999
chrM	12332	A	C	999
chrM	12334	A	T	999
chrM	12336	T	G	999
chrM	12337	A	G	999
chrM	12555	C	T	4.39541
chrM	12706	T	C	999
chrM	12778	A	G	16.5758
chrM	12831	A	G	6.22518
chrM	12851	G	A	999
chrM	12904	TA	TTA	55
chrM	12995	G	A	90
chrM	13030	C	A	3.33274
chrM	13064	G	A	8.95637
chrM	13098	T	C	6.86224
chrM	13195	G	A	76
chrM	13215	T	C	146
chrM	13275	T	C	19.5274
chrM	13678	C	A	4.63068
chrM	13711	A	T	17.682
chrM	13814	G	A	27.2229
chrM	13821	T	C	25.1541
chrM	13843	A	G	99
chrM	13890	G	A	74
chrM	13895	T	G	63
chrM	13911	T	C	82
chrM	13912	A	G	999
chrM	13919	T	C	33.6332
chrM	14084	A	G	12.5036
chrM	14158	C	T	22.5013
chrM	14213	C	T	999
chrM	14262	T	C	7.48778
chrM	14490	C	T	9.59501
chrM	14511	A	AA	15.5813
chrM	14578	T	C	100
chrM	14581	G	A	999
chrM	14585	T	A	124
chrM	14669	C	T	14.892
chrM	14705	T	C	18.4223
chrM	14735	T	G	883
chrM	14736	A	C	935
chrM	14737	C	A	913
chrM	14738	A	G	922
chrM	14741	A	T	946
chrM	14745	C	T	999
chrM	14746	C	G	999
chrM	14747	A	G	763
chrM	14767	T	C	999
chrM	14838	T	G	46.281
chrM	14860	G	C	57
chrM	14903	C	T	999
chrM	14906	A	G	999
chrM	14909	C	T	14.7553
chrM	14933	C	T	70
chrM	14944	T	C	19.0579
chrM	15006	G	A	999
chrM	15009	T	C	48.2751
chrM	15023	C	T	54
chrM	15028	T	C	149
chrM	15074	C	T	64
chrM	15075	T	C	13.738
chrM	15106	T	C	123
chrM	15150	T	G	3.3457
chrM	15184	T	C	70
chrM	15190	A	G	4.37714
chrM	15194	A	G	116
chrM	15205	T	C	53
chrM	15281	C	T	39.8294
chrM	15302	A	G	999
chrM	15339	C	A	51
chrM	15568	T	TT	30.6124
chrM	15894	T	G	4.63256
chrM	15897	A	T,G	14.4055
chrM	15901	TAAA	TAA	23.6461
chrM	15915	A	G	99
chrM	15933	C	T	999
chrM	15934	G	A	49.9968
chrM	15954	AAA	AAAA	49.119
chrM	15956	A	AA	46.1585
chrM	16009	T	G	21.8982
chrM	16061	G	A	7.71293
chrM	16085	G	A	67
chrM	16096	CG	C	26.5768
chrM	16115	C	T	9.31783
chrM	16119	G	A	106
chrM	16124	T	C	6.06436
chrM	16136	A	G	42.671
chrM	16173	C	T	999
chrM	16191	C	T	8.43115
chrM	16225	T	C	999
chrM	16255	AA	AAAA	26.1805
chrM	16256	A	AAA	23.396
chrM	16258	C	T,G	65
chrM	16262	C	A	16.5099
chrM	16285	AAA	AAAA	31.8254
chrM	16287	A	AA	30.9284
chrM	16299	T	C	6.96
chrM	16300	T	C	199
chrM	16313	T	G	19.5205
chrM	16322	T	C	999
chrM	16326	T	G	30.7152
chrM	16339	C	T	22.3897
chrM	16348	G	A	24.9783
chrM	16354	T	C	11.606
chrM	16364	T	C	4.77787
chrM	16376	A	G	21.2977
chrM	16402	C	T	10.6976
chrM	16426	T	C	28.4584
chrM	16468	A	T	7.1698
chrM	16527	A	AA	4.27387
