##contig=<ID=chrM,length=16569>
chrM	34	G	T	7.94146
chrM	73	A	G	999
chrM	137	A	G	12.0014
chrM	150	C	T	999
chrM	199	T	C	999
chrM	263	A	G	999
chrM	309	C	T	999
chrM	309	CT	CCTT	240
chrM	310	T	C	999
chrM	310	TCCCCC	TCCCCCC	999
chrM	357	A	C	7.38962
chrM	489	T	C	999
chrM	513	G	A	34.1878
chrM	513	GCACACACACAC	GCACACACACACAC	356
chrM	546	A	C	149
chrM	567	A	C	23.1429
chrM	627	G	A	999
chrM	709	G	A	144
chrM	750	A	G	999
chrM	1025	A	G	14.5085
chrM	1057	G	T	9.44176
chrM	1074	G	A	3.90381
chrM	1095	T	C	4.2132
chrM	1179	G	A	3.79163
chrM	1438	A	G	999
chrM	1793	G	A	245
chrM	1888	G	A	999
chrM	2592	G	T	5.4454
chrM	2643	G	A	13.0794
chrM	2706	A	G	999
chrM	2954	C	A	211
chrM	3105	AC	A	999
chrM	3106	CNT	CT	999
chrM	3460	G	A	3.87268
chrM	3532	A	C	148
chrM	3536	T	A	3.41104
chrM	3650	C	T	3.08417
chrM	3671	C	T	3.80482
chrM	3901	G	A	999
chrM	4037	G	A	999
chrM	4048	G	A	999
chrM	4071	C	T	999
chrM	4164	A	G	999
chrM	4545	T	C	5.80624
chrM	4769	A	G	999
chrM	5250	T	C	3.75413
chrM	5351	A	G	999
chrM	5353	G	A	5.8656
chrM	5433	C	T	4.23613
chrM	5460	G	A	999
chrM	5530	C	T	3.24748
chrM	5545	C	A	22.9703
chrM	5560	G	A	184
chrM	5634	A	T	6.97263
chrM	5790	C	T	999
chrM	5917	G	A	7.374
chrM	5970	G	A	101
chrM	5982	G	C	3.83659
chrM	6021	G	A	96
chrM	6070	T	A	3.41743
chrM	6320	T	A	3.44381
chrM	6430	T	C	4.17031
chrM	6431	A	G	3.31439
chrM	6434	C	T	3.11497
chrM	6455	C	T	999
chrM	6592	T	C	5.42925
chrM	6680	T	C	999
chrM	6713	C	T	23.5138
chrM	7028	C	T	999
chrM	7199	C	G	14.0703
chrM	7208	A	T	5.04395
chrM	7276	C	T	27.2588
chrM	7316	G	A	999
chrM	7399	C	G	245
chrM	7403	A	C	22.5857
chrM	7457	G	A	482
chrM	7598	G	A	7.8946
chrM	7684	T	C	999
chrM	7765	A	T	3.1858
chrM	7789	G	C	999
chrM	7803	T	C	4.30066
chrM	7826	C	T	4.1072
chrM	7853	G	A	999
chrM	7925	G	A	3.02886
chrM	8002	C	T	999
chrM	8163	A	G	9.16355
chrM	8516	T	C	3.04281
chrM	8552	T	C	999
chrM	8684	C	T	111
chrM	8701	A	G	999
chrM	8860	A	G	999
chrM	8881	T	C	3.9296
chrM	9364	C	T	6.00511
chrM	9540	T	C	999
chrM	9670	A	G	5.51755
chrM	9824	T	C	999
chrM	10041	A	G	3.88503
chrM	10042	A	T	3.43203
chrM	10068	G	A	937
chrM	10289	A	T	8.89998
chrM	10345	T	C	999
chrM	10398	A	G	999
chrM	10400	C	T	999
chrM	10513	C	A	3.79984
chrM	10552	C	T	999
chrM	10616	C	A	5.27736
chrM	10873	T	C	999
chrM	10921	A	C	32.024
chrM	10937	C	A	8.82577
chrM	11196	G	A	3.22159
chrM	11407	C	T	3.21992
chrM	11447	G	T	7.85017
chrM	11719	G	A	999
chrM	12012	C	T	48.3137
chrM	12083	T	C	6.12592
chrM	12405	C	T	999
chrM	12433	C	T	71
chrM	12592	T	C	4.19529
chrM	12705	C	T	999
chrM	12762	C	A	113
chrM	12811	T	C	999
chrM	12831	C	T	3.79752
chrM	12896	C	T	3.68048
chrM	13040	C	T	3.1327
chrM	13651	A	C	5.51161
chrM	13708	G	A	833
chrM	14038	C	T	4.50106
chrM	14114	T	C	3.60977
chrM	14408	A	G	5.76434
chrM	14424	A	C	9.46297
chrM	14569	G	A	214
chrM	14712	A	G	3.55355
chrM	14755	A	G	4.17094
chrM	14766	C	T	999
chrM	14783	T	C	999
chrM	14905	G	A	490
chrM	15043	G	A	999
chrM	15235	A	T	3.84483
chrM	15274	A	G	3.79732
chrM	15301	G	A	999
chrM	15326	A	G	999
chrM	15370	C	T	4.00127
chrM	15601	T	C	9.65086
chrM	15673	A	G	3.90804
chrM	15765	G	A	246
chrM	15895	T	C	3.10527
chrM	15948	A	T,G	14.0353
chrM	16033	G	A	3.06901
chrM	16092	T	C	21.4356
chrM	16129	G	A	999
chrM	16145	G	A	87
chrM	16156	G	T	33.6545
chrM	16183	ACCCCC	ACCCC	999
chrM	16187	CCTC	CC	459
chrM	16188	CT	C	999
chrM	16189	T	C	999
chrM	16223	C	T	999
chrM	16297	T	C	999
chrM	16298	T	C	999
chrM	16545	T	C	6.04969
