barcode	umap1	umap2	cluster
AAACGAAAGACAGTGC-1	6.35	-9.03	CD4
AAACGAAAGATTACGA-1	-14.15	0.63	Bcell
AAACGAACAGACCTGC-1	-11.92	0.12	Bcell
AAACGAATCCAATCCC-1	-12.92	-1.25	Bcell
AAACTCGCATCACAAC-1	-12.08	0.89	Bcell
AAACTCGGTATATGGA-1	-12.55	-1.04	Bcell
AAACTCGGTCCGTAGC-1	-12.44	1.33	Bcell
AAACTCGGTCTCTAAG-1	5.34	-8.96	CD4
AAACTGCAGACTAGGC-1	-11.99	0	Bcell
AAACTGCAGAGGCAGG-1	-13.75	2.09	Bcell
AAACTGCCACTTACAG-1	-12.49	0.75	Bcell
AAACTGCGTCGTAATC-1	-13.1	1.33	Bcell
AAACTGCGTGCTAGTT-1	-11.64	-1.26	Bcell
AAACTGCGTTGCCTGG-1	-13	-0.62	Bcell
AAACTGCTCGGAAAGC-1	-12.75	-0.13	Bcell
AAAGATGCAGGACCTC-1	1.96	8.7	myeloid
AAAGATGTCGTCTAGA-1	-13.15	0.2	Bcell
AAAGGATCAGAACTTC-1	-13.22	0.06	Bcell
AAAGGATCATTGCGAT-1	-11.53	0.2	Bcell
AAAGGGCGTGCTAGTT-1	-11.77	1.03	Bcell
AAAGGGCTCGCACAAT-1	-12.61	-0.54	Bcell
AAATGAGAGAGAATTC-1	-12.81	0.35	Bcell
AAATGAGCACAAACAA-1	-12.21	-0.2	Bcell
AAATGAGTCGGGAATG-1	-5.54	-5.7	CD8
AAATGCCAGACGTCAG-1	-12.91	1.71	Bcell
AAATGCCAGTGTCCCG-1	-12.8	-0.22	Bcell
AAATGCCCACTACACA-1	0.33	4.16	myeloid
AAATGCCGTAGGTGAC-1	-12.98	0.35	Bcell
AAATGCCGTATCTAGC-1	2.65	9.5	myeloid
AAATGCCGTCTTAGCA-1	-13.16	1.68	Bcell
AAATGCCGTGTCCAGC-1	-12.4	-0.54	Bcell
AAATGCCGTGTGTGTT-1	-13.5	0.58	Bcell
AAATGCCTCACATTCT-1	4.16	-9.17	CD4
AACAAAGAGGCAAGCT-1	-12.59	1.9	Bcell
AACAAAGAGTGATCTC-1	-13.72	0.32	Bcell
AACAAAGGTATTGTGC-1	-12.58	1.21	Bcell
AACAAAGGTGTTGTTG-1	-13.69	1.58	Bcell
AACAAAGGTTTCTACT-1	-13.39	-0.05	Bcell
AACATCGAGAAGCCGT-1	-12.21	-0.25	Bcell
AACATCGCACGCCGAT-1	-13.96	0.42	Bcell
AACATCGGTCGTAATC-1	-11.78	-0.64	Bcell
AACATCGGTGAGTAAT-1	-14.32	-0.66	Bcell
AACATCGTCTGTGTCC-1	-14.12	0.94	Bcell
AACCAACCACAGCTTA-1	-13.18	1.97	Bcell
AACCAACCACGCTGTG-1	-13.95	0.07	Bcell
AACCAACCAGATTAAG-1	-6.2	-6.63	CD8
AACCAACGTGAGTCGA-1	-14.17	-1.4	Bcell
AACCAACGTGCTTGAT-1	-12.05	-1.21	Bcell
AACCAACTCCACACCT-1	-12.09	-0.34	Bcell
AACCGATCACGTGAAG-1	-12.91	1.96	Bcell
AACCGATGTAACGGAC-1	-13.76	0.88	Bcell
AACCGATGTTATAGAG-1	-12.16	1.18	Bcell
AACCGATTCCATCGAA-1	0.31	7.79	myeloid
AACCTGAGTGAGTAAT-1	-12.75	-1.3	Bcell
AACCTGAGTGCCAAGA-1	-13.09	-0.79	Bcell
AACCTGATCAGTCTTT-1	-13.25	-0.26	Bcell
AACCTGATCGATGAAA-1	-12.49	-0.5	Bcell
AACCTGATCGTGATAC-1	7.45	-8.92	CD4
AACCTTTAGAATGCTA-1	-13.51	0.15	Bcell
AACCTTTCACCCTTTG-1	-11.72	2.02	Bcell
AACCTTTGTAACGGAC-1	-11.85	-0.53	Bcell
AACGAGGAGTCCGTGC-1	-12.2	1.74	Bcell
AACGAGGCAGCGTGAA-1	-13.25	-1	Bcell
AACGAGGCAGTAACGG-1	-14.33	0.9	Bcell
AACGAGGGTGCAACAG-1	-12.72	2.17	Bcell
AACGAGGTCGAGGCTC-1	-13.05	1.06	Bcell
AACGGGACAGTTAAAG-1	-13	-1.2	Bcell
AACGGGATCGCGATGC-1	-13.59	0.46	Bcell
AACGGGATCTTTCGAT-1	-13.78	0.39	Bcell
AACGTACAGCTCCATA-1	-13.91	0.42	Bcell
AACGTACTCCATCGAA-1	4.03	-9.37	CD4
AACTGGTAGAGCTCCC-1	-13.43	-0.52	Bcell
AACTGGTAGTGCTAGG-1	-12.33	1.77	Bcell
AACTGGTCACCACGAC-1	-11.57	1.14	Bcell
AACTGGTCACTTATGG-1	-14.44	-0.64	Bcell
AACTGGTCAGGACTGA-1	-13.67	1.41	Bcell
AACTGGTTCCTTTGAT-1	-13.09	0.38	Bcell
AACTGGTTCGACTGGC-1	-12.49	2.1	Bcell
AACTGTGCAAACCCTA-1	-12.91	0.47	Bcell
AACTGTGCAGCACATT-1	-12.66	-0.59	Bcell
AACTGTGCAGTCAGCC-1	-12.7	0.14	Bcell
AACTGTGTCCATACCC-1	-12.52	1.27	Bcell
AACTGTGTCGTTACAG-1	-12.31	-0.47	Bcell
AACTGTGTCTTGTACT-1	-11.63	1.26	Bcell
AACTTGGAGACGCCAA-1	-14.09	-1.04	Bcell
AACTTGGAGATCCGAG-1	-14.02	0.45	Bcell
AACTTGGAGGCTAAAT-1	-12.83	1.11	Bcell
AACTTGGCAAACAGTA-1	-12.08	-0.51	Bcell
AACTTGGCAGGTAGCA-1	-13.44	1.1	Bcell
AACTTGGGTGAAACAT-1	-12.84	0.65	Bcell
AACTTGGGTTCCATCC-1	-12.24	0.27	Bcell
AACTTGGTCTGAGTAC-1	-13.16	-1.82	Bcell
AAGATAGAGACTAGGC-1	-12.06	0.42	Bcell
AAGATAGAGTCTTAGC-1	-13.91	1.65	Bcell
AAGATAGCACAGCCAC-1	-13.63	0.03	Bcell
AAGATAGGTGCTGTCG-1	-12.57	0.08	Bcell
AAGGAGCAGAGATTAC-1	-12.97	1.75	Bcell
AAGGAGCAGGAAGGTA-1	-13.54	-1.47	Bcell
AAGGAGCAGGACCGAT-1	-13.33	-0.25	Bcell
AAGGTTCCAACGCAAG-1	-13.2	-0.04	Bcell
AAGGTTCCAACGTCGC-1	-11.62	0.17	Bcell
AAGGTTCCATCTCACC-1	-12	0.44	Bcell
AAGGTTCTCTACTTTG-1	5.29	-8.93	CD4
AATACGCAGTACCTCA-1	-12.52	-0.01	Bcell
AATACGCGTTCTTAGG-1	-14.33	1.96	Bcell
AATGCCAAGCCGCTGT-1	-12.82	0.42	Bcell
AATGCCACAAGACTAA-1	-11.96	1.38	Bcell
AATGCCACACGATTAC-1	5.77	-8.19	CD4
AATGCCAGTCAACTGT-1	-13.06	-0.18	Bcell
AATGCCATCTTAATCC-1	-12.11	0.72	Bcell
AATGGAAAGCCGCTGT-1	-14.58	0.72	Bcell
AATGGAAGTCAACAGG-1	-11.82	-0.03	Bcell
AATGGCTAGCGGACTA-1	-13.35	-0.28	Bcell
AATGGCTCAAATTCCG-1	-13.2	-1.31	Bcell
AATGGCTGTCAAGACG-1	-12.73	-0.67	Bcell
AATGGCTTCGGTTCCT-1	-12.52	-0.73	Bcell
AATGTCGAGAAATACC-1	-13.19	0.54	Bcell
AATGTCGCAAGCTTTG-1	-13.29	0.64	Bcell
AATGTCGCATCGCCTT-1	-13.51	1.24	Bcell
AATGTCGGTAGGTAAT-1	-13.35	-0.69	Bcell
AATGTCGGTGAATGGC-1	-12.8	1.87	Bcell
AATGTCGGTTTCTCTA-1	-13.39	0.99	Bcell
AATGTCGTCGATGTGT-1	-11.56	-0.63	Bcell
AATGTCGTCTGAAAGA-1	-12.52	-1.58	Bcell
ACAAACCAGTGCTGAG-1	-12.75	-1.28	Bcell
ACAAACCCAGTATCTG-1	-11.99	1.89	Bcell
ACAAACCCATCCATAG-1	-12.43	1.76	Bcell
ACAAACCGTGGCGCTT-1	-12.68	-0.57	Bcell
ACAAAGACAGTGCTCG-1	-13.18	-1.64	Bcell
ACAAAGAGTTTCTTAC-1	-13.39	0.75	Bcell
ACAAGCTCAAGTAACA-1	-12.25	0.59	Bcell
ACAAGCTCACTGTTAG-1	-12.51	0.48	Bcell
ACAAGCTTCGACTGGC-1	-12.39	1.49	Bcell
ACAATCGAGTACGCGA-1	-12.8	1.09	Bcell
ACAATCGAGTTCCCGG-1	-13.16	-0.83	Bcell
ACAATCGCAAGGAAGA-1	-12.56	1.02	Bcell
ACAATCGCATGGCCTG-1	-13.09	0.67	Bcell
ACAATCGGTCTCTGCT-1	-12.52	2.9	Bcell
ACAATCGTCGCAAGCC-1	-12.72	1.25	Bcell
ACAGAAAAGCAATAAC-1	-13.22	0.58	Bcell
ACAGAAATCGGTTAGT-1	-13.25	0.35	Bcell
ACAGACTAGGTGTTGG-1	-12.87	0.84	Bcell
ACAGACTCACACATGT-1	-12.55	0.38	Bcell
ACAGACTCAGTAAGAT-1	-13.72	0.35	Bcell
ACAGACTCAGTTGGAG-1	-13.17	-0.75	Bcell
ACAGACTGTGGAAAGA-1	-13.95	0.73	Bcell
ACAGACTTCGCTCGGA-1	-12.64	0.65	Bcell
ACAGCGCAGTGAAGGA-1	-12.48	1.49	Bcell
ACAGCGCGTGCTTCCT-1	-13.06	-0.2	Bcell
ACAGGCCAGTGATATG-1	-13.86	0.75	Bcell
ACAGGCCTCCGTTAGA-1	-12.84	0.02	Bcell
ACATGCAAGTGAACCG-1	-12.62	-1.1	Bcell
ACATGCAGTTGAAGCG-1	-13.09	-1.59	Bcell
ACATGCATCCCAGTAA-1	-13.69	0.44	Bcell
ACATGCATCCGGGCAT-1	-13.88	1.41	Bcell
ACATGCATCGACTGGC-1	-13.34	1.9	Bcell
ACATGCATCGCTCGGA-1	-14.12	0	Bcell
ACATGGTAGACGTCAG-1	-13.33	-0.4	Bcell
ACATGGTCAATGTAAG-1	-12.53	1.32	CD4
ACATGGTCACTTGCGG-1	-12.26	1.91	Bcell
ACATGGTGTTACCACA-1	-13.56	-0.74	Bcell
ACATGGTGTTTGGATC-1	-12.71	1.89	Bcell
ACCAAACAGCGAGCTA-1	-14.12	-0.41	Bcell
ACCAAACAGTACCTCA-1	-14.24	-0.06	Bcell
ACCAAACGTGAATCAA-1	-11.98	1.1	Bcell
ACCAAACTCACAGGGA-1	-13.87	-0.32	Bcell
ACCATCCAGATGTTGA-1	-12.02	0.97	Bcell
ACCATCCGTGATAACA-1	-11.9	0.13	Bcell
ACCATCCTCATTCGGA-1	-11.68	1.6	Bcell
ACCCAAAAGTCGCCTG-1	-12.73	0.54	Bcell
ACCCAAATCACGATTG-1	-13.13	0.92	Bcell
ACCCAAATCTAGCAAC-1	-11.71	0.62	Bcell
ACCGAATAGTTTACGC-1	-13	-0.84	Bcell
ACCGAATTCCTGGAAT-1	-13.14	0.98	Bcell
ACCGAATTCGATCTTT-1	3.73	-9.3	CD4
ACCGAATTCTGAGTCA-1	-12.8	0.28	Bcell
ACCGCAGAGACCCATT-1	-12.98	-0.81	Bcell
ACCGCAGAGATCGCCC-1	-12.82	1.87	Bcell
ACCGCAGAGCTTCAAC-1	-11.81	0.42	Bcell
ACCGCAGCACAAGTGG-1	-11.66	0.65	Bcell
ACCGCAGGTCTGCGCA-1	-13.99	0.18	Bcell
ACCGGGTAGAAATGGG-1	-12.62	1.67	Bcell
ACCGGGTAGCATTCCA-1	-12.63	-0.01	Bcell
ACCGGGTAGTATACCC-1	-12.49	0.44	Bcell
ACCTGCTCAATTCGTG-1	-13.17	0.85	Bcell
ACCTGCTCATGCCTTC-1	-12.5	-0.32	Bcell
ACCTGCTGTAACTGAA-1	-12.53	-1.14	Bcell
ACCTGCTGTCCTCAGG-1	-11.55	-1.1	Bcell
ACCTGCTGTGAATCGG-1	-13.59	0.79	Bcell
ACCTGCTTCAGTCACA-1	-12.21	-0.97	Bcell
ACCTGCTTCCATGACA-1	-11.29	1.04	Bcell
ACCTGCTTCGATTACG-1	-13.12	0.71	Bcell
ACGGATTAGGTACATA-1	-11.2	-0.38	Bcell
ACGGATTCACAGCTTA-1	-11.56	-0.84	Bcell
ACGGATTGTCCGAGCT-1	-13.61	-0.14	Bcell
ACGGATTGTTTCCTAT-1	-12.52	-0.38	Bcell
ACGGATTTCAACACGT-1	-14.16	-0.46	Bcell
ACGGATTTCCATAACG-1	-14.29	-0.87	Bcell
ACGTGGCAGTAGACCG-1	-14.65	0.43	Bcell
ACGTGGCCAAGACTTC-1	-13.92	1.04	Bcell
ACGTGGCCAAGGCGTA-1	-12.58	0.67	Bcell
ACGTGGCGTATTCTGG-1	-12.26	-1.05	Bcell
ACGTGGCGTTGGCTAT-1	-13.35	1.91	Bcell
ACGTTAGAGAGAACCC-1	-12.14	-0.4	Bcell
ACGTTAGAGGTTGTTC-1	-12.24	-1.2	Bcell
ACGTTAGCATCGGCCA-1	-13.1	-0.79	Bcell
ACGTTAGTCCGGGCAT-1	-12.81	-1.07	Bcell
ACGTTAGTCCTATCAT-1	-12.43	0.25	Bcell
ACTAACGAGTTAGCAA-1	-12.2	0.68	Bcell
ACTACCCAGTGAACCG-1	-4.36	-5.62	CD8
ACTACCCCAGTAGTTC-1	-3.66	-5.64	CD8
ACTACCCGTAAACGGC-1	-14.08	0.74	Bcell
ACTACCCGTGAGTCGA-1	-13.92	0.5	Bcell
ACTACCCTCTTCCGTG-1	-14.45	1.16	Bcell
ACTACGAAGAGGAACA-1	-13.99	1.4	Bcell
ACTACGACAACGTACT-1	-12.91	0.5	Bcell
ACTACGATCTCTTCTC-1	-11.7	1.05	Bcell
ACTAGGTAGGATGTAT-1	-13.61	0.46	Bcell
ACTAGGTCACGCTCAG-1	-12.09	-1.27	Bcell
ACTAGGTCATTTGGCA-1	-13.09	-1.52	Bcell
ACTATTCAGCGGACAT-1	-11.7	0.31	Bcell
ACTATTCCACTGCTCT-1	-11.55	0.31	Bcell
ACTATTCGTGTCGTGC-1	-13.32	0.65	Bcell
ACTATTCGTTGGCTAT-1	-3.53	-5.85	CD8
ACTCGGGAGGGAGATA-1	-12.17	0.43	Bcell
ACTCGGGAGGGATCCA-1	-14.15	0.53	Bcell
ACTCGGGTCAACGTGT-1	-12.7	-1.1	Bcell
ACTCGGGTCCAACCTC-1	-13.77	-0.35	Bcell
ACTCGGGTCGTTGTTT-1	-13.48	0.97	Bcell
ACTGCAAGTCAACTAC-1	-12.23	0.09	Bcell
ACTGCAAGTCACAGTT-1	-12.66	0.27	Bcell
ACTGCAAGTCCCGTGA-1	-12.47	2.39	Bcell
ACTGCAAGTCCTATTT-1	-14.04	-0.89	Bcell
ACTGCAAGTGCAACAG-1	-12.09	-0.67	Bcell
ACTGCAATCATTCTTG-1	0	9.6	myeloid
ACTGCGGAGTAGTGTA-1	-13.74	0.31	Bcell
ACTGCGGCACAGGAAC-1	-13.15	0.21	Bcell
ACTGCGGCAGAACGAC-1	-12.65	0.75	Bcell
ACTGCGGGTGGCCTTG-1	-13.44	1.16	Bcell
ACTGCGGTCTATATCC-1	-12.49	1.68	Bcell
ACTGTCCGTACTTCGA-1	1.5	8.98	myeloid
ACTGTCCGTGAGGTCA-1	-12.99	2.23	Bcell
ACTTCCGCAAGGAGGG-1	-13.48	1.53	Bcell
ACTTCCGGTCAGGTGA-1	-2.89	-5.3	CD8
ACTTCCGTCCATCTAT-1	7.22	-9.08	CD4
ACTTCCGTCTCGCGTT-1	-12.11	0.15	Bcell
ACTTTCAAGAGGTGGG-1	-13.46	0.17	Bcell
ACTTTCAAGGAGACTC-1	-12.76	0.8	Bcell
ACTTTCACATTTGGTG-1	-12.06	0.03	Bcell
ACTTTCAGTAGGGTTG-1	-12.77	-0.35	Bcell
ACTTTCAGTCCTATTT-1	-11.96	0.83	Bcell
ACTTTCATCTGAACGT-1	-13.05	1.98	Bcell
AGACAAAAGGGCTCTC-1	-12.72	0.57	Bcell
AGACAAACAGGTGTGA-1	-11.7	0.58	Bcell
AGACAAAGTACGAGAC-1	8.67	-9.02	CD4
AGACAAATCCTGAAAC-1	-13.55	0.01	Bcell
AGATAGACAGGCTACC-1	-13.44	-0.89	Bcell
AGATAGACAGTAACGG-1	-13.13	-1.1	Bcell
AGATAGAGTGTTTCTT-1	-13.7	-1.26	Bcell
AGATAGAGTTGGCTTA-1	-12.43	-0.96	Bcell
AGATTCGAGTAGGAAG-1	-5.75	-5.97	CD8
AGATTCGCATTTCACT-1	-13.15	0.79	Bcell
AGATTCGGTAACCGAG-1	-12.61	-1.17	Bcell
AGCCAGCAGAGCACTG-1	-13.82	-1.12	Bcell
AGCCAGCCAACGTCGC-1	-14.5	-0.71	Bcell
AGCCCGACACGTGAAG-1	-13.14	0.45	Bcell
AGCCCGAGTTCCGCGA-1	-12.52	1.54	Bcell
AGCCCGAGTTCCGGCA-1	-12.28	-0.06	Bcell
AGCCCGATCTTGGCCT-1	-13.2	-1.03	Bcell
AGCCGCATCAGTACAC-1	-13.58	2.28	Bcell
AGCCGCATCTATATCC-1	-14.23	0.24	Bcell
AGCCTCTAGTGAGTTA-1	-13.58	-0.83	Bcell
AGCCTCTTCAGGGTTT-1	4.42	-9.38	CD4
AGCCTCTTCCAAACCA-1	-13.07	2.6	Bcell
AGCCTCTTCCGGCGAT-1	-13.42	-0.74	Bcell
AGCCTGGAGAGAGTTT-1	-13.38	0.79	Bcell
AGCCTGGAGTATGCTC-1	3.49	6.81	myeloid
AGCCTGGAGTGAAGGA-1	3.24	6.84	myeloid
AGCCTGGAGTGGGACT-1	-11.73	-0.03	Bcell
AGCCTGGTCTATAGGC-1	-14.33	-0.11	Bcell
AGCCTTCAGGACTAGC-1	-11.74	-0.68	Bcell
AGCCTTCAGGTTCTCA-1	-13.19	0.89	Bcell
AGCCTTCTCCGAGGAA-1	-12.01	0.9	Bcell
AGCGATTAGCTGAGGT-1	-12.43	0.05	Bcell
AGCGATTCAAGGGAGG-1	-13.91	-1.18	Bcell
AGCGATTCATGGGAAC-1	-12.98	-0.28	Bcell
AGCGATTGTCTCTGCT-1	-11.49	0.57	Bcell
AGCGTATAGCTAGCAG-1	-3.12	-5.54	CD8
AGCGTATCAGCAACAG-1	-10.99	2.7	myeloid
AGCGTATGTAAACGAT-1	-13.29	0.12	Bcell
AGCGTATTCAGGTTTG-1	-12.55	1.5	Bcell
AGCGTGCAGAGTAAGG-1	-13.75	0.66	Bcell
AGCGTGCGTGCACTTA-1	-12.92	-0.53	Bcell
AGCGTGCTCTCCCTTT-1	-14.13	-1.22	Bcell
AGCTATGCATACAACC-1	-12.28	-0.79	Bcell
AGCTATGCATGGAGGT-1	-12.13	0.11	Bcell
AGCTATGGTACTATGC-1	-12.12	0.58	Bcell
AGCTATGGTTTCTTAC-1	-13.86	1	Bcell
AGCTATGTCGCTATAG-1	-12.28	0.97	Bcell
AGCTATGTCGGTCTAA-1	-13.07	0.49	Bcell
AGCTATGTCTAGCAGT-1	4.93	-9.03	CD4
AGCTGATCAAACCGAG-1	-13.88	0.42	Bcell
AGCTGATCAGAGCCAA-1	-14.29	-0.66	Bcell
AGCTGATCATAGATAG-1	-12.94	0.14	Bcell
AGCTGATGTGCCCAGT-1	-13.47	2.33	Bcell
AGCTGATTCCACGAGC-1	-12.54	0.11	Bcell
AGCTGATTCTAGCTGA-1	-11.63	0.05	Bcell
AGCTGATTCTATAGGC-1	-14.55	0.14	Bcell
AGCTGGCCACAAACAA-1	-13.94	-1.07	Bcell
AGCTGGCCATAGAATG-1	-11.85	0.94	Bcell
AGCTGGCGTGATGCGA-1	-12.32	-0.23	Bcell
AGCTGGCTCCTCATTA-1	-13.06	1.12	Bcell
AGCTGGCTCGAGAACG-1	-14.06	-0.09	Bcell
AGCTGTAAGAGAGTTT-1	-13.19	0.32	Bcell
AGCTGTACAATGAAAC-1	-12.41	-0.25	Bcell
AGGACGAAGATTCCGT-1	-12.76	-0.07	Bcell
AGGACGAAGCTATCCA-1	-14.41	1.08	Bcell
AGGCCCAAGCCTTTGA-1	-12.07	-0.96	Bcell
AGGCCCAAGCTTACCA-1	-13.94	0.99	Bcell
AGGCCCACAAAGCTGG-1	-13.1	0.22	Bcell
AGGCCCACATCCATAG-1	-12	1.32	Bcell
AGGCCCACATGGCCGT-1	-12.19	0.78	Bcell
AGGCCCATCATACTTC-1	-13.92	-0.17	Bcell
AGGCCTGAGCAGGAGG-1	-12.09	-0.66	Bcell
AGGCCTGAGGGATCCA-1	-12.18	0.3	Bcell
AGGCCTGGTACTTCAG-1	-13.93	1.03	Bcell
AGGCCTGGTCGTAGTT-1	-12.1	-1.39	Bcell
AGGCCTGGTGACGCAA-1	-13.4	-0.2	Bcell
AGGCGAAAGGAGAACA-1	-13.01	1.41	Bcell
AGGCGAACACTCAAGT-1	-12.48	0.39	Bcell
AGGCGTCAGAGGTGGG-1	-12.28	2.04	Bcell
AGGCGTCAGGCGTCCT-1	3.92	-9.15	CD4
AGGCGTCAGGTCGGTA-1	-13.23	2.09	Bcell
AGGCGTCAGTTTGGAA-1	-12.68	-0.94	Bcell
AGGCGTCCATAGCCAT-1	-12.32	0.51	Bcell
AGGCGTCGTTTGTCTT-1	-12.84	-0.45	Bcell
AGGCGTCTCTACATCT-1	-13.58	1.7	Bcell
AGTCAACCAGTAGTTC-1	-12.75	2.11	Bcell
AGTCCGGAGGCAATTA-1	-12.7	0.69	Bcell
AGTCCGGAGTGATATG-1	-13.34	1.64	Bcell
AGTCCGGCATGGATGG-1	-14.32	-0.65	Bcell
AGTCCGGGTGTAGGAC-1	-14.12	-0.42	Bcell
AGTCCGGTCCAATAGC-1	-12.68	1.41	Bcell
AGTGCCGAGATGTTCC-1	6.98	-8.83	CD4
AGTGCCGAGTTGCGCC-1	0.31	8.69	myeloid
AGTGCCGCAATGTAAG-1	-12.99	2.08	Bcell
AGTGCCGCATAGCCGC-1	-12.48	0.65	Bcell
AGTGCCGTCGTTGTTT-1	-12.45	1.4	Bcell
AGTGCGCAGACGAAAG-1	-11.88	-1.04	Bcell
AGTGCGCAGGGAAGCG-1	-11.91	-1.22	Bcell
AGTGCGCAGGGCTCTC-1	-13.73	0.82	Bcell
AGTGCGCCAATGCATC-1	-12.05	0.44	CD4
AGTGCGCGTCGTCGCA-1	-13.62	-0.72	Bcell
AGTGTACGTAACGTAA-1	-12.9	-1.03	Bcell
AGTGTACGTTCTACGA-1	0.8	-9.79	CD4
AGTGTACTCTGAAAGA-1	-13.55	0.32	Bcell
AGTGTACTCTGACATG-1	-12.19	0.35	Bcell
AGTGTACTCTGAGTAC-1	-11.76	1.25	Bcell
AGTGTACTCTTAACGG-1	-13.22	-0.12	Bcell
AGTTACGAGCATTGGG-1	-13.01	0.89	Bcell
AGTTACGCAGCGTCGT-1	-6.22	-6.61	CD8
AGTTACGTCCATTGAG-1	-14.31	-0.04	Bcell
AGTTTGGAGGGAAGCG-1	-11.73	1.43	Bcell
AGTTTGGAGTAGACCG-1	-14.4	0.23	Bcell
AGTTTGGCACGCGTTG-1	-12.66	-0.52	Bcell
AGTTTGGGTACGTAGG-1	-11.8	1.23	Bcell
AGTTTGGTCTCTGACC-1	-12.6	1.16	Bcell
ATAGGCTAGTTGCTTG-1	-11.91	-0.44	Bcell
ATAGGCTCATGCCTTC-1	-13.91	-0.99	Bcell
ATAGGCTGTCTGTCCT-1	-13.87	-0.19	Bcell
ATAGGCTTCCACGAGC-1	-11.92	0.9	Bcell
ATAGTCGCATAGCCAT-1	-13.25	1.59	Bcell
ATAGTCGGTAGCGGTA-1	-14.53	0.61	Bcell
ATAGTCGGTTCGGGAA-1	-13.64	-0.94	Bcell
ATAGTCGTCTGACTTT-1	-11.92	-0.9	Bcell
ATAGTCGTCTTCATAC-1	-13.85	0.53	Bcell
ATATTCCAGGTTAGTA-1	-12.61	0.14	Bcell
ATATTCCAGTGAAACT-1	-13.77	-0.08	Bcell
ATATTCCGTAACTGAA-1	-13.03	0.22	Bcell
ATATTCCGTGCACCCA-1	-11.82	-1.46	Bcell
ATATTCCGTTGGACGA-1	-13.42	-1.41	Bcell
ATATTCCTCTCTGAGA-1	-13.12	0.83	Bcell
ATCCAGAAGAAGCCTG-1	-6.31	-6.83	CD8
ATCCAGAAGGTCACTT-1	-14.12	0.22	Bcell
ATCCAGACACGTTGTA-1	-11.74	1.35	Bcell
ATCCAGAGTATGGGTG-1	-11.95	-1.07	Bcell
ATCCAGATCATTGCCC-1	-12.39	1.67	Bcell
ATCCAGATCTCCCTTT-1	-13.54	1.06	Bcell
ATCCCTGAGATATGTG-1	-12.47	0.96	Bcell
ATCCCTGAGGAAGAAC-1	-12.19	0.17	Bcell
ATCCCTGAGTGTGTAA-1	-13.9	1.27	Bcell
ATCCCTGCACTGTCGG-1	-13.2	1.13	Bcell
ATCCCTGCAGAACAGC-1	-14.26	-0.1	Bcell
ATCCCTGGTCTCTAAG-1	-12.39	-1.5	Bcell
ATCCCTGTCACGTCAA-1	-13.09	0.56	Bcell
ATCCTCGAGCCAGAAC-1	-12.83	-0.34	Bcell
ATCCTCGCAACTCCCT-1	-14.16	-0.44	Bcell
ATCCTCGCACAGAAGC-1	-12.91	-0.75	Bcell
ATCCTCGGTAGAGAGA-1	-11.88	-0.04	Bcell
ATCCTCGTCACTAGCA-1	-14.15	-0.7	Bcell
ATCCTCGTCCCGTAGG-1	-12.79	0.6	Bcell
ATCCTCGTCTTCCACG-1	-13.22	1.19	Bcell
ATCCTGCCAAACCCTA-1	-12.48	-0.77	Bcell
ATCCTGCCACTAGCCG-1	-12.73	0.76	Bcell
ATCCTGCGTATCTCAG-1	-13.09	1.77	Bcell
ATCCTGCGTCAGTGCC-1	-12.11	2.35	Bcell
ATCGAGTAGTTGTCCA-1	-13.73	1.18	Bcell
ATCGAGTCACAAACAA-1	-11.93	-0.68	Bcell
ATCGAGTCATCTCACC-1	-13.61	0.84	Bcell
ATGCATGAGTGTCACT-1	-13.31	-1.69	Bcell
ATGCATGGTAAACGGC-1	-14.17	0.38	Bcell
ATGGATCAGACTCGGA-1	-12.41	0.72	Bcell
ATGGATCAGTAGGAAG-1	-13.26	-0.74	Bcell
ATGGATCCAAAGGCCA-1	-12.8	0.34	Bcell
ATGGATCCAAGTCTCA-1	-13.91	0.81	Bcell
ATGGATCTCAGTCACA-1	-13.08	-1	Bcell
ATGGATCTCGAACCGC-1	-12.74	-0.16	Bcell
ATGTACGAGAGGCCTA-1	-12.56	0.73	Bcell
ATGTACGAGTCAACTC-1	-13.36	1.95	Bcell
ATGTACGAGTTCAGGG-1	8.01	-8.8	CD4
ATGTACGCACGCTGTG-1	-13.69	-1.54	Bcell
ATGTACGGTTTAGACC-1	-13.69	0.86	Bcell
ATGTACGTCAAGGCCC-1	-12.34	1.15	Bcell
ATGTCGAAGGCGATTG-1	-12.62	2.07	Bcell
ATGTCGAAGGTACACG-1	-13.82	0.46	Bcell
ATGTCGAAGTACTCTG-1	-12.29	-0.3	Bcell
ATGTCGAAGTCAACTC-1	-13.65	-0.59	Bcell
ATGTCGACAACAAACA-1	-12.44	-1.11	Bcell
ATGTCGAGTAGCGAGT-1	-12.87	0.05	Bcell
ATGTCGATCTGACATG-1	8.52	-8.92	CD4
ATGTCTTAGATGCGCA-1	-12.56	1.46	Bcell
ATGTCTTAGGATCCTT-1	-12.42	-1.04	Bcell
ATGTCTTCAACTAGAA-1	-12.77	1.61	Bcell
ATGTCTTTCCTGTAGA-1	-12.79	0.91	Bcell
ATGTCTTTCGGTCTCT-1	-12.24	0.02	Bcell
ATGTTTCAGGCAGATC-1	-13.05	0.67	Bcell
ATGTTTCCATCGTGAT-1	-11.87	0.37	Bcell
ATTACCTAGTATACCC-1	-13.79	0.32	Bcell
ATTACCTAGTCTTAGC-1	-12.54	-0.11	Bcell
ATTACCTGTCAGTGTT-1	-13.69	-0.8	Bcell
ATTACTCCATTCTTTG-1	3.62	-9.28	CD4
ATTACTCGTGGTGGTA-1	-12.68	-0.07	Bcell
ATTACTCTCAGAATGA-1	-12.56	-1.81	Bcell
ATTACTCTCCCACTAC-1	-12.46	-1.72	Bcell
ATTACTCTCGAGGTAG-1	-12	0.4	Bcell
ATTCGTTAGAATACTG-1	-14.36	-0.2	Bcell
ATTCGTTAGCTAACAA-1	-12.47	-0.58	Bcell
ATTCGTTAGTGAGCTG-1	-12.69	0.64	Bcell
ATTCGTTAGTGTGTAA-1	-12.64	-0.24	Bcell
ATTCGTTCAGGTGTGA-1	-13.63	-0.04	Bcell
ATTCGTTGTGTGAGGT-1	-11.44	1.25	Bcell
ATTCGTTTCATTCATC-1	-13.61	0.26	Bcell
ATTCGTTTCGCTACCT-1	-13.72	-1.27	Bcell
ATTCGTTTCGGAAAGC-1	-12.35	0.11	Bcell
ATTGTCTAGAGCACTG-1	3.27	7.98	myeloid
ATTGTCTAGGCAATTA-1	-12.71	0.4	Bcell
ATTGTCTCAGCAATGG-1	-13.48	0.15	Bcell
ATTGTCTTCACCACAA-1	-12.5	0.38	Bcell
ATTGTGGCAGACCTGC-1	-13.43	0.25	Bcell
ATTGTGGCAGCTTACA-1	-12.97	-0.27	Bcell
ATTGTGGGTAAACGTA-1	-12.73	0.11	Bcell
ATTGTGGGTTGTGACT-1	-12.35	0.3	Bcell
ATTGTGGGTTTAGACC-1	-12.97	0.11	Bcell
ATTGTGGTCCAATAGC-1	-13.6	-0.46	Bcell
ATTGTGGTCCTCCTGA-1	-12.7	0.85	Bcell
ATTGTGGTCGCACCTT-1	-13	0.17	Bcell
ATTGTGGTCGGTCTAA-1	-13.51	0.6	Bcell
ATTGTGGTCTTACCTA-1	-14.09	0.73	Bcell
ATTTGTCAGTTGCCGC-1	-12.29	1.34	Bcell
ATTTGTCCACTCCACT-1	-12.83	1.56	Bcell
ATTTGTCGTCTCTGGG-1	-12.04	-0.74	Bcell
ATTTGTCTCTATACCT-1	-12.63	0.29	Bcell
CAAAGCTTCGCCGAAC-1	-2.5	-5.61	CD8
CAACCAAAGGGCTCTC-1	-13.78	-1.08	Bcell
CAACCAAGTAGTACAA-1	-14.5	-0.14	Bcell
CAACCAATCATGCTTT-1	-12.86	1.59	Bcell
CAACGGCAGATCGCCC-1	-13.6	2.01	Bcell
CAACGGCAGGCTAAAT-1	-12.5	-0.72	Bcell
CAACGGCAGTCCCGCA-1	-11.85	-0.22	Bcell
CAACGGCCAGCAAACG-1	-13.37	-0.17	Bcell
CAACGGCCATCGTGAT-1	-13.76	-0.47	Bcell
CAACGGCGTATGAAGT-1	-13.61	0.04	Bcell
CAACGGCGTTTGCCCT-1	-5	-5.56	CD8
CAACGTACAAAGCATA-1	-13.11	1.3	Bcell
CAACGTACACAGTAGG-1	8.48	-9.03	CD4
CAACGTAGTAGTACAA-1	-12.06	-0.69	Bcell
CAACGTAGTGATGCGA-1	-12.26	1.36	Bcell
CAACGTATCGCAGATT-1	5.72	6.73	myeloid
CAACGTATCGTTGTTT-1	-12.4	-1.26	Bcell
CAAGAAATCAGCCGGT-1	0.87	9.87	myeloid
CAAGAAATCCTAAAGC-1	-12.79	-0.39	Bcell
CAAGCTAAGATAGGTT-1	7.45	-8.83	CD4
CAAGCTAGTCGATAGG-1	-12.49	-1.52	Bcell
CAAGGCCCAAGCCAGA-1	-13.15	1.65	Bcell
CAAGGCCCAATCATCG-1	-11.62	0.4	Bcell
CAAGGCCCACTGTTAG-1	-14.26	-1.1	Bcell
CAAGGCCGTCCCGTGA-1	-12.19	-1.68	Bcell
CAAGGCCTCACAACAC-1	-11.78	0.98	Bcell
CAAGGCCTCGAGTGTT-1	-12.27	0.02	Bcell
CAAGGCCTCTCTGCGT-1	-11.76	0.92	Bcell
CAATCCCAGCCTCGCA-1	-12.46	1.79	Bcell
CAATCCCCAACGAGGT-1	-12.98	-0.72	Bcell
CAATCCCCACAGTAGG-1	-12.43	-0.03	Bcell
CAATCCCTCCTAGAGT-1	-12.89	2.07	Bcell
CAATCCCTCTACTTTG-1	-4.54	-5.61	CD8
CAATCCCTCTTTGCAT-1	-12.73	-0.13	Bcell
CACAACAAGAACAGGA-1	-11.73	1.51	Bcell
CACAACAAGAACGCCA-1	-12.92	0.42	Bcell
CACAACAAGTAGGAAG-1	-11.61	0.66	Bcell
CACAACACAGATTTGC-1	-11.9	1.9	Bcell
CACAACACAGCTTACA-1	0.99	8.59	myeloid
CACAACAGTTGGGAAC-1	-13.99	-0.12	Bcell
CACAGATAGCTGAGGT-1	-12.64	0.58	Bcell
CACAGATAGTGATTAG-1	-12.95	0.63	Bcell
CACAGATAGTGCTAGG-1	-12.28	0.77	Bcell
CACAGATCAGCGTGAA-1	-13.29	1	Bcell
CACAGATCATGCCTTC-1	-13.16	0.73	Bcell
CACAGATGTGTCTCGG-1	-11.8	-0.33	Bcell
CACAGATTCAAGTTGC-1	-13.58	2.14	Bcell
CACAGATTCTCTATCA-1	-14.31	0.65	Bcell
CACATGATCCGGGCAT-1	-12.61	-0.9	Bcell
CACCACTAGCAATAAC-1	-12.85	0.9	Bcell
CACCACTCAATGGTCT-1	3.44	3.4	myeloid
CACCACTCAGTTCGGC-1	-13.15	1.1	Bcell
CACCACTGTCTGATTG-1	-13.83	-0.49	Bcell
CACCACTGTTCCATCC-1	-5.66	-5.84	CD8
CACCACTGTTCTGAGT-1	-13.27	-1.43	Bcell
CACCACTTCCTATCAT-1	-13.34	1.29	Bcell
CACCTGTAGTGATATG-1	-12.38	1.9	Bcell
CACCTGTCAGTTGCAT-1	-6.03	-6.39	CD8
CACCTGTGTATCAGCT-1	-12.32	-0.1	Bcell
CACCTGTGTTATGCAC-1	-11.68	-0.92	Bcell
CACCTGTTCCCGAAGC-1	-5.06	-5.36	CD8
CACCTTGTCTTTATCG-1	-12.7	-0.48	Bcell
CACGTTCAGACACTTC-1	-13.72	-0.64	Bcell
CACGTTCAGGTCTTGT-1	-14.21	0.03	Bcell
CACGTTCCACCTACCT-1	-12.51	-0.54	Bcell
CACGTTCGTAGCCATT-1	-5	-5.94	CD8
CACGTTCGTGAGTAAT-1	-14.6	0.84	Bcell
CACGTTCGTTGGCGAA-1	-12.67	-0.23	Bcell
CACGTTCTCGACTATG-1	-12.32	0.86	Bcell
CACTAAGAGACACTTC-1	-6.16	-5.71	NKcell
CACTAAGCATCAGAAA-1	-12.07	0.48	Bcell
CACTAAGGTAATGTAG-1	-13.39	0.79	Bcell
CACTAAGGTACGTATC-1	-11.91	-0.43	Bcell
CACTAAGGTACTAGAA-1	-12.03	0.79	Bcell
CACTAAGTCACCACAA-1	-11.78	1.88	Bcell
CACTAAGTCACCCTTG-1	-12.81	-0.59	Bcell
CACTAAGTCGGGAAAC-1	-13.25	0.88	Bcell
CACTGAAAGTTGCCGC-1	-14.14	-1	Bcell
CACTGAACAATCCATG-1	-11.54	-0.51	Bcell
CACTGAATCTTGTGCC-1	-14.06	0.6	Bcell
CAGCCTTAGAACGACC-1	-13.47	0.59	Bcell
CAGCCTTGTTGCAGCC-1	-12.7	-0.35	Bcell
CAGCTAAAGGATTAAC-1	7.96	-8.76	CD4
CAGCTAAAGTAACACA-1	-12.96	0.77	Bcell
CAGCTAAAGTGTGTAA-1	-12.14	0.38	Bcell
CAGCTAACACCGATCG-1	-13.29	-0.24	Bcell
CAGCTAACACTGCTTC-1	-12.67	0.98	Bcell
CAGCTAACATGGTAAA-1	1.11	8.36	myeloid
CAGCTGGGTAGGGTCA-1	-12.76	-0.37	Bcell
CAGCTGGTCAATTCCT-1	-13.64	1.59	Bcell
CAGCTGGTCGCGATGC-1	-13.17	-0.1	Bcell
CAGGATTAGCCCATTA-1	-12.53	0.98	Bcell
CAGGATTAGGCAGTGT-1	-13.57	0.24	Bcell
CAGGATTCAACAACTC-1	-13.32	-0.79	Bcell
CAGGATTCATTAGCAC-1	-12.39	-0.91	Bcell
CAGGATTGTATATGGA-1	-13.94	-0.3	Bcell
CAGGATTTCCTGGAAT-1	-12.55	-0.44	Bcell
CAGGGCTAGGCTTTAC-1	-13.51	0.87	Bcell
CAGGGCTCAAGCGTCC-1	-11.78	1.3	Bcell
CAGGGCTCACTGAAGG-1	-13.26	1.74	Bcell
CAGGGCTCACTTGCGG-1	-13.08	1.29	Bcell
CAGGGCTGTTTAGAAG-1	-13.48	0.67	Bcell
CAGGGCTTCCAATCCC-1	-12.65	0.06	Bcell
CAGGGCTTCCATAGGT-1	-14.18	-0.23	Bcell
CAGGGCTTCTACTTTG-1	-13.56	1.33	Bcell
CAGTATGAGTGAGTTA-1	-12.1	0.61	Bcell
CAGTATGGTGATGTGG-1	-12.86	2.2	Bcell
CAGTATGGTGTACGCC-1	-12.29	0.64	Bcell
CAGTATGTCAGTCAAC-1	-14.2	-0.92	Bcell
CAGTGCGAGCCTGTAT-1	3.45	5.74	myeloid
CAGTGCGGTACGAGAC-1	-12.63	1.79	Bcell
CAGTGCGGTATATGGA-1	-11.81	0.13	Bcell
CAGTGTAAGAGGCCTA-1	-14.45	0.47	Bcell
CAGTGTAAGTCCGGAA-1	-13.05	-0.11	Bcell
CAGTGTATCGCACCTT-1	2.7	4.62	myeloid
CAGTGTATCGGCATAT-1	-12.73	0.03	Bcell
CAGTGTATCTATACCT-1	-12.95	1.02	Bcell
CATAACGAGTTACACC-1	-6.36	-6.86	CD8
CATAACGGTCAATACC-1	-11.44	0.1	Bcell
CATAACGGTCCAGACC-1	-13.87	1	Bcell
CATAACGTCCGTGCGA-1	-11.96	-0.27	Bcell
CATGCCTAGGATGTCG-1	-12.21	1.61	Bcell
CATGCCTAGGCTGGAT-1	-12.9	2.49	Bcell
CATGCCTGTATGGTTC-1	-12.69	0.44	Bcell
CATGTTTCACGGTTAT-1	-12.05	-0.32	Bcell
CATGTTTCAGCAACGA-1	-13.67	0.63	Bcell
CATGTTTTCGTTGTAG-1	-13.5	-1.3	Bcell
CATGTTTTCTGGCTAA-1	-11.12	2.69	Bcell
CATTCATAGCCAGAAC-1	-12.19	0.02	Bcell
CATTCATCAAAGCTTC-1	-12.72	-0.31	Bcell
CATTCATCAAGATGCG-1	-12.1	2.31	Bcell
CATTCATCAAGCAACG-1	-11.7	-0.79	Bcell
CATTCATCACATTCTT-1	-12.76	-0.36	Bcell
CATTCATCACGCGCAT-1	-11.88	-1.58	Bcell
CATTCATCATGTCCCT-1	-14.84	0.62	Bcell
CATTCATGTAGATTAG-1	-12.87	1.95	Bcell
CATTCATGTATTCACG-1	-12.36	0.25	Bcell
CATTCATGTGCATTGT-1	-13.49	-0.55	Bcell
CATTCATGTTGTGACT-1	-13.56	-0.13	Bcell
CATTCATTCTCGTAGA-1	-13.03	1.44	Bcell
CATTCCGCATGGTAAA-1	-13.84	0.16	Bcell
CATTCCGGTGCGACCT-1	7.03	-8.76	CD4
CATTCCGTCTCTATTG-1	-12.61	-1.3	Bcell
CATTGGAAGACGAAAG-1	7	-8.82	CD4
CATTGGAGTATTCGAC-1	-12.86	-1.66	Bcell
CATTGGATCTCGCGTT-1	-14.32	-0.21	Bcell
CCAATGAAGACACAAT-1	-12.32	-0.21	Bcell
CCAATGAAGGGTCTGA-1	-13.71	-0.79	Bcell
CCAATGAAGGTACACG-1	-12.89	0.4	Bcell
CCAATGAGTAAACCCT-1	-12.5	-1.12	Bcell
CCAATGAGTGCCAAGA-1	-11.68	0.28	Bcell
CCAATGAGTTTGCCAA-1	-11.42	-0.65	Bcell
CCAATGATCTGCTACC-1	-13.97	-0.19	Bcell
CCAATGATCTGTTTAC-1	-12.64	0.36	Bcell
CCACAGGAGAGCGAAA-1	-12.75	1.42	Bcell
CCACAGGCATGTATCG-1	-12.71	1.07	Bcell
CCACAGGGTTAGGAGC-1	0.5	9.53	myeloid
CCACGTTGTAATGCAA-1	-12.84	-1.09	Bcell
CCACGTTTCAGTCAAC-1	-13.7	0.57	Bcell
CCACGTTTCCTATCCG-1	-13.53	0.93	Bcell
CCACGTTTCTTCACTA-1	-13.76	0.84	Bcell
CCAGAATAGGGTCCCT-1	-5.56	-5.82	CD8
CCAGAATAGTTCGCGC-1	-11.58	-0.91	Bcell
CCAGAATCAATTCAGC-1	-11.55	1.04	Bcell
CCAGAATCAGGATAGC-1	-11.49	0	Bcell
CCAGAATGTCATTGGT-1	-12.38	1.38	Bcell
CCAGATACACGATTAC-1	-14.11	0.11	Bcell
CCAGATACACGCGATC-1	-14.38	1.39	Bcell
CCAGATAGTCTCGGGT-1	-13.12	1.19	Bcell
CCAGATAGTGATAAGT-1	-12.52	-0.8	Bcell
CCAGATATCCGAATTG-1	-13.59	-0.51	Bcell
CCAGATATCGGATAAA-1	8.24	-9	CD4
CCATACCAGTATGGGC-1	-14.25	0.96	Bcell
CCATACCCAAGGCTTT-1	-11.99	0.24	Bcell
CCATACCGTACAAATG-1	-12.85	0.18	Bcell
CCATACCGTAGCCATT-1	-12.64	-0.22	Bcell
CCATACCGTTGGACGA-1	-12.85	1.41	Bcell
CCATACCTCAACGTGT-1	-11.75	2.03	Bcell
CCATACCTCACACGTA-1	-12.44	-0.02	Bcell
CCATACCTCGCAGATT-1	-12.93	0.9	Bcell
CCCACATAGGTAAGTT-1	-8.33	-3.66	NKcell
CCCACATGTCCCTAAA-1	2.76	8.8	myeloid
CCCACATGTTCCCGGA-1	-14.04	-0.31	Bcell
CCCACATTCATACTTC-1	-13.53	0.56	Bcell
CCCACATTCGGTTCCT-1	-12.01	1.16	Bcell
CCCAGAGAGATGCGAC-1	-12.54	-1.25	Bcell
CCCAGAGCAAGGAGGG-1	-13.62	-0.24	Bcell
CCCAGAGCAGAACGAC-1	-6.35	-6.6	CD8
CCCAGAGTCACCACAA-1	-11.9	0.53	Bcell
CCCAGAGTCGGGAAAC-1	-11.91	-0.31	Bcell
CCCAGAGTCTCTTCTC-1	-12.59	2.15	Bcell
CCCGTTAAGTCCTTCC-1	-12.1	0.93	Bcell
CCCGTTAGTGTACGCC-1	-12.7	-1.13	Bcell
CCCGTTAGTGTTGTTG-1	-11.79	1.16	Bcell
CCCTAACAGTCGGGAT-1	-12.56	-0.76	Bcell
CCCTAACCAATTAGGA-1	-14.14	0.19	Bcell
CCCTAACCACATTCTT-1	-12.98	1.9	Bcell
CCCTAACCAGGTAACG-1	-12.52	0.25	Bcell
CCCTAGTAGTTGCTTG-1	-13.22	-0.87	Bcell
CCCTAGTCAATGGCAG-1	-12.99	1.71	Bcell
CCCTAGTCAGTAACGG-1	-13.8	-0.81	Bcell
CCCTAGTCATTCGTCC-1	-13.24	-0.86	Bcell
CCCTAGTGTACGGTTT-1	-13.8	-0.56	Bcell
CCCTAGTGTAGGTCTT-1	-13.88	0.11	Bcell
CCCTAGTGTCACATTG-1	-13.12	-0.45	Bcell
CCCTAGTGTCCGTAGC-1	-11.7	1.8	Bcell
CCCTAGTGTGGAAAGA-1	0.97	8.21	myeloid
CCCTAGTTCTCGCGGA-1	-13.27	0.46	Bcell
CCCTCTCAGGGAAGCG-1	7.95	-8.91	CD4
CCCTCTCCAACTAGAA-1	-11.54	0.91	Bcell
CCCTCTCCATCGGCCA-1	-13.46	-1.28	Bcell
CCCTCTCTCTTGTGCC-1	-13.26	1.31	Bcell
CCCTGATAGACCATAA-1	-13.42	0.04	Bcell
CCCTGATGTGAGTAAT-1	-12.16	1.74	Bcell
CCGAAGCGTAACGGAC-1	-13.76	-0.67	Bcell
CCGAAGCGTAGCGGTA-1	-14.01	0.34	Bcell
CCGAAGCTCATTCTCA-1	-13.28	-1.61	Bcell
CCGAAGCTCCATAGGT-1	8.27	-8.88	CD4
CCGCATTAGCGGACAT-1	-13.62	-1.01	Bcell
CCGCATTCAAACTACC-1	-12.81	-0.48	Bcell
CCGCATTCACCTGAAT-1	-14.16	0.6	Bcell
CCGCATTCATCATGTG-1	-12.63	0.4	Bcell
CCGCATTGTAAACGAT-1	-13.96	0.87	Bcell
CCGCATTGTGGACCAA-1	-12.57	-0.96	Bcell
CCGTACTAGAAAGCAG-1	-13.73	1.18	Bcell
CCGTACTCAGTAGTTC-1	-14.49	1.07	Bcell
CCGTACTGTATTGTGC-1	-13.79	-1.48	Bcell
CCGTACTGTCAGCAAG-1	-12.36	1.04	Bcell
CCGTACTTCCGATGCG-1	-12.95	1.1	Bcell
CCGTACTTCTCTGCGT-1	-3.29	-5.21	CD8
CCGTACTTCTGACATG-1	2.72	9.03	myeloid
CCGTAGGAGCAGTAGC-1	-12.51	0.69	Bcell
CCGTAGGAGTGTCACT-1	-12.49	0.63	Bcell
CCGTGAGAGTACAACA-1	-11.44	0.34	Bcell
CCGTGAGGTTTGTCTT-1	-5.71	-6.21	CD8
CCTAAAGCACATAAAG-1	-13.21	0.02	Bcell
CCTAAAGCATGGAGGT-1	-12.87	0.37	Bcell
CCTATTAAGGAGTACC-1	-13.11	-1.49	Bcell
CCTATTAAGTGCTGAG-1	-14.76	-0.89	Bcell
CCTATTAGTCATCAAC-1	-13.35	-0.23	Bcell
CCTATTATCGCGATGC-1	-11.78	0.54	Bcell
CCTCCCTTCGCTAGTA-1	-12.86	-0.32	Bcell
CCTCCCTTCTCTGACC-1	-13.44	0.65	Bcell
CCTGCTAAGCATGATA-1	-13.29	1	Bcell
CCTGCTAAGGCCTAAG-1	-13.39	0.43	Bcell
CCTGCTAAGTTCGCGC-1	-11.24	0.06	Bcell
CCTGCTACAGTTACAC-1	-12.95	1.47	Bcell
CCTGCTACATGATTGC-1	-11.07	-0.14	Bcell
CCTGCTAGTAGTGATA-1	-12.31	-0.57	Bcell
CCTGGGAAGCCTTTGA-1	6.01	-8.73	CD4
CCTGGGAAGGGAGATA-1	-11.59	0.77	Bcell
CCTGGGACATAGCCAT-1	-13.18	0.2	Bcell
CCTGGGACATCGACCG-1	-12.54	-0.04	Bcell
CCTGGGAGTCGAGGAT-1	-13.82	0.54	Bcell
CCTGGGAGTGAGTAAT-1	-13.31	-1.4	Bcell
CCTTAATCAAGCTTTG-1	-14.37	-0.23	Bcell
CCTTAATCAGAAGTGC-1	-14.39	0.46	Bcell
CCTTAATCATTATGGC-1	-13.88	-0.97	Bcell
CCTTAATTCGACCCGA-1	-11.62	0.33	Bcell
CCTTGCAAGGGTCTGA-1	-12.52	1.49	Bcell
CCTTGCACAATGTAAG-1	-12.86	-0.28	Bcell
CCTTGCACATCCCTTG-1	-13.9	0.47	Bcell
CCTTGGTAGGCATGCA-1	-12.32	1.79	Bcell
CCTTGGTTCTCGTAGA-1	4.28	-9.15	CD4
CCTTGGTTCTTCGTTA-1	-11.7	-0.77	Bcell
CGAGTTAAGAATCAGT-1	-13.31	2.1	Bcell
CGAGTTAAGAGTTTGA-1	-11.9	1.8	Bcell
CGAGTTAAGCGTATCT-1	-12.06	0.49	Bcell
CGAGTTAAGGGAAATG-1	-12.8	0.58	Bcell
CGAGTTAAGTTAGCAA-1	-12.91	0.01	Bcell
CGAGTTACAATAGCGG-1	0.65	5.33	myeloid
CGAGTTATCAACTTGG-1	-8.9	-4.3	NKcell
CGATGATAGCACCATT-1	-12.27	0.18	Bcell
CGATGATAGCGCAATG-1	-12.43	0.37	Bcell
CGATGATAGTCGAAAT-1	-14.49	0.75	Bcell
CGATGATAGTGCAACG-1	-12.72	1.16	Bcell
CGATGATAGTGTCACT-1	-12.21	0.36	Bcell
CGATGATCAAGGGTAC-1	-13.77	1.44	Bcell
CGATGATCACGATATC-1	-13.24	-0.58	Bcell
CGATGATTCTCTGAGA-1	-14.31	-0.18	Bcell
CGCAATAAGGTTCTCA-1	-13.26	0.48	Bcell
CGCAATAAGTCGGGAT-1	-12.41	0.03	Bcell
CGCAATACAAGTAACA-1	-14.15	-0.4	Bcell
CGCAATACATCCCGGA-1	-13.17	-0.26	Bcell
CGCAATACATGCTATG-1	-12.06	-0.33	Bcell
CGCAATAGTAACGGCA-1	-12.56	-0.23	Bcell
CGCAATAGTTAGAGAT-1	1.58	-8.95	CD4
CGCAATAGTTAGCTCA-1	-12.52	-1.45	Bcell
CGCAATATCACATTCT-1	-14.31	0.77	Bcell
CGCAATATCCACCTAC-1	-13.17	0.07	Bcell
CGCAATATCCGTTTCG-1	-14.03	-0.39	Bcell
CGCAATATCGTTACAG-1	-11.91	-1.1	Bcell
CGCACAGCAACGAGGT-1	-12.52	-0.2	Bcell
CGCACAGCAACTCCCT-1	-12.92	-0.45	Bcell
CGCACAGCATGACTGT-1	8.65	-8.93	CD4
CGCACAGGTAGTGATA-1	-12.56	1.99	Bcell
CGCACAGGTTAGCTCA-1	-11.96	1.35	Bcell
CGCACAGTCAGTGGTT-1	-13.64	-0.27	Bcell
CGCAGGTAGCTGAGGT-1	-13.68	1.13	Bcell
CGCAGGTGTAGCAGCA-1	-12.11	1.8	Bcell
CGCAGGTGTGCAAGAC-1	-13.75	0.28	Bcell
CGCGCAAAGATCCGAG-1	-12.5	0.96	Bcell
CGCGCAAAGGTTCTCA-1	-12.64	-0.09	Bcell
CGCGCAATCAGGCGCT-1	-13.91	-0.19	Bcell
CGCTAGGCACTACACA-1	-13.45	0.16	Bcell
CGCTAGGCATAGCCAT-1	-11.65	-0.97	Bcell
CGCTAGGTCGAGGTCC-1	-14.17	-0.32	Bcell
CGCTATCCACCGAAAG-1	-12.55	0.89	Bcell
CGCTATCCACTCGCAG-1	4.9	-8.99	CD4
CGCTATCGTATCCTTT-1	-14.01	0.43	Bcell
CGCTATCGTCCCTTTG-1	-13.33	-0.83	Bcell
CGCTATCGTCCTATTT-1	-11.44	0.89	Bcell
CGCTATCGTCTAAAGA-1	-14.07	-0.83	Bcell
CGCTATCTCGATTACG-1	-12.69	-0.2	Bcell
CGCTGGAAGACAGTGC-1	7.96	-9.19	CD4
CGCTGGACAAATGTCC-1	-6.01	-6.48	CD8
CGCTGGAGTAAGTCTC-1	-13.21	1.26	Bcell
CGCTGGAGTCAACTAC-1	-13.44	0.62	Bcell
CGCTGGAGTTCCGCGA-1	-12.42	0.02	Bcell
CGCTGGATCAGCGGTC-1	-12.25	-0.85	Bcell
CGCTGGATCCACGAGC-1	-13.62	0.58	Bcell
CGGACCAAGTATACGA-1	-12.81	0.47	Bcell
CGGACCAAGTGTCCCG-1	-13.99	-0.67	Bcell
CGGACCAGTGCTTACA-1	-13.01	0.85	Bcell
CGGACCATCTCGGCGA-1	-12.38	0.57	Bcell
CGGACTGGTACAAATG-1	-12.12	1.82	Bcell
CGGACTGGTTCCCGGA-1	-13.29	-0.18	Bcell
CGGACTGTCCCTAAAG-1	-12.75	1.84	Bcell
CGGACTGTCTTCCACG-1	-13.48	1.01	Bcell
CGGTGCACACGTTAGT-1	-13.02	-1.02	Bcell
CGGTGCACATCGACCG-1	-5.25	-6.13	CD8
CGGTGCATCCATCGAA-1	-11.78	0.75	Bcell
CGTAAACAGAACTAAC-1	-13.59	0.55	Bcell
CGTAAACAGTCACACT-1	-13.2	0.11	Bcell
CGTAAACCACGATATC-1	-14.01	0.66	Bcell
CGTAAACGTAGAAAGG-1	-13.45	-0.18	Bcell
CGTACAAAGTTCGTTG-1	-12.05	1.18	Bcell
CGTACAACACGCTCAG-1	-12.75	0.24	Bcell
CGTACAACATAAAGTG-1	-13.88	1.77	Bcell
CGTACAATCCTCCAGT-1	4.7	-9.11	CD4
CGTACAATCTCGACCT-1	-12.76	1.54	Bcell
CGTGGCAGTTCTCGAA-1	-12.77	0.29	Bcell
CGTGGCATCTCGTGAA-1	-3.39	-5.37	CD8
CGTTCCAAGCATTGGG-1	-3.16	-5.19	CD8
CGTTCCACAACCTCTC-1	-12.83	0	Bcell
CGTTCCATCCAAGTCA-1	-13.26	2.1	Bcell
CTACAGAAGAGGCCTA-1	-11.87	1.54	Bcell
CTACAGAAGCTGAATA-1	-14.42	-0.06	Bcell
CTACAGAAGGGATCCA-1	-12.95	-0.51	Bcell
CTACAGACAACGTCCG-1	4.36	-9.2	CD4
CTACAGACAATGATGA-1	-13.49	0.33	Bcell
CTACAGACATAGCAGG-1	-12.83	-0.44	Bcell
CTACAGATCTTCAGAG-1	7.63	-8.87	CD4
CTACTTATCCGCTATC-1	-12.72	0.46	Bcell
CTACTTATCTGAGTCA-1	-14.3	-0.75	Bcell
CTAGCGGAGCGCACAA-1	-13.85	0.41	Bcell
CTAGCGGAGGTGATGC-1	6.93	-8.99	CD4
CTAGCGGCACGAACGA-1	-14.1	1.96	Bcell
CTAGCGGGTCTGTGTA-1	-12.3	1.25	Bcell
CTAGCGGTCCCAGCAG-1	-12.5	0.29	Bcell
CTAGGATAGTAGGTCG-1	-12.42	0.28	Bcell
CTAGGATGTGCATTGT-1	-12.97	1.22	Bcell
CTAGGATTCCACGCTT-1	-14.62	0.19	Bcell
CTAGGATTCGGCTATA-1	-13.5	-0.73	Bcell
CTAGGGCAGTAGTTCC-1	-12.41	0.46	Bcell
CTAGGGCGTTTGCGAT-1	7.71	-9.04	CD4
CTAGGGCTCACATTCT-1	-12.84	-0.43	Bcell
CTAGGGCTCAGGATCT-1	-13.45	1.17	Bcell
CTAGGGCTCCAGTACA-1	-12.36	0.9	Bcell
CTAGGGCTCCCGATTC-1	-12.66	1.95	Bcell
CTAGGGCTCCGAGGAA-1	-12.16	1.75	Bcell
CTCAACCCACGTACAT-1	-12.13	-0.97	Bcell
CTCAACCCACTTTGGA-1	-12.08	0.23	Bcell
CTCAACCCATAGCCGC-1	-12.85	-0.27	Bcell
CTCAACCTCACCACAA-1	-13.77	0.91	Bcell
CTCAACCTCATCATGG-1	-13.64	-1.15	Bcell
CTCACCAAGACCCTAT-1	-12.61	-1.62	Bcell
CTCACCACAAGACACG-1	-12.69	1.6	Bcell
CTCACCACAGTATCTG-1	-12.12	0.98	Bcell
CTCACCAGTATTCTGG-1	-11.71	-0.39	Bcell
CTCACCATCCTAAGTG-1	-12.15	-0.82	Bcell
CTCAGAAAGGTTCGTT-1	-11.87	1.44	Bcell
CTCAGAACATGGCCCA-1	-12.57	1.84	Bcell
CTCAGAAGTAACGGTG-1	-13.37	0.11	Bcell
CTCAGAAGTACGCCCA-1	-12.54	-0.42	Bcell
CTCAGAATCGTGATAC-1	-13.16	-0.41	Bcell
CTCAGCTAGATGGCAC-1	8.22	-9.07	CD4
CTCAGCTAGGCGTAGT-1	-13.25	-1.45	Bcell
CTCAGCTCACTCCCAT-1	-13.14	-0.66	Bcell
CTCAGCTGTTTGCCAA-1	-13.16	-0.02	Bcell
CTCATGCAGAGGAACA-1	-13.41	-1.22	Bcell
CTCATGCCAATGGTCT-1	-5.74	-5.7	CD8
CTCATGCCACATTCTT-1	-11.99	0.02	Bcell
CTCATGCCAGGCTACC-1	-12.86	1.32	Bcell
CTCATGCGTCATAGAA-1	-13.9	-0.11	Bcell
CTCCCAAAGCCGCTGT-1	-13.05	-0.82	Bcell
CTCCCAAAGCGTCTGC-1	-12.97	1.36	Bcell
CTCCCAACATTCTTTG-1	5.96	-8.87	CD4
CTCCCAAGTACAAATG-1	-12.98	0.73	Bcell
CTCCCAAGTGATAGAT-1	-12.44	1.62	Bcell
CTCCCAATCGATAGGG-1	-13.04	0.75	Bcell
CTCGCTAAGGTACATA-1	5.67	-9.06	CD4
CTCGCTAGTGTCGTGC-1	-11.94	1.53	Bcell
CTCTACGAGGTACACG-1	-12.87	1.34	Bcell
CTCTACGCACAAACAA-1	4.98	-9.08	CD4
CTCTACGCATCGACCG-1	-6.44	-6.93	CD8
CTCTACGGTCAGCTTA-1	-12.19	-0.45	Bcell
CTCTACGGTCCAAGTT-1	-12.67	-1.11	Bcell
CTCTACGGTGCAAGCA-1	-13.82	-0.19	Bcell
CTCTACGTCACTAGGT-1	-12.43	1.37	Bcell
CTCTAGCAGAACGTTA-1	-11.91	-0.68	Bcell
CTCTAGCGTCAGCTTA-1	-13.21	0.07	Bcell
CTCTAGCGTTACGAAA-1	-13.02	2.42	Bcell
CTCTAGCGTTTGCATG-1	-14.48	-0.8	Bcell
CTCTAGCTCGATATGC-1	-13.86	0.86	Bcell
CTCTCAGAGAACCATA-1	-12.68	-0.13	Bcell
CTCTCAGAGAGTAAGG-1	-14.16	-0.23	Bcell
CTCTCAGGTACTAGAA-1	-11.98	0.45	Bcell
CTCTCAGGTCACATTG-1	-11.78	0.57	Bcell
CTCTCAGTCTATACCT-1	-12.31	0.96	Bcell
CTCTCAGTCTCGTAGA-1	-13.03	2.07	Bcell
CTCTCGAAGTCAGCCC-1	-13.41	-0.71	Bcell
CTCTCGAGTCCTATTT-1	-13.21	-0.15	Bcell
CTCTCGATCTCGTAGA-1	-13.49	0.28	Bcell
CTGAATGAGCTATCGT-1	-12.4	1.33	Bcell
CTGAATGCACTCGCAG-1	-13.32	-0.88	Bcell
CTGAATGGTGTCGTGC-1	7.15	-8.83	CD4
CTGAATGGTTTGTGAC-1	-12.02	1.38	Bcell
CTGAATGTCCTCCCAA-1	-11.45	0.48	Bcell
CTGAATGTCGGCTATA-1	-12.74	-0.44	Bcell
CTGCGTTAGGAGAACA-1	-14.05	-0.74	Bcell
CTGCGTTGTAAGTCTC-1	-12.62	0.65	Bcell
CTGCGTTGTGCGACCT-1	-13.03	0.17	Bcell
CTGCGTTTCAGTGGTT-1	-13.02	0.71	Bcell
CTGCTCAAGTGGTGTG-1	-13.85	0.58	Bcell
CTGCTCAGTAGCATGG-1	-12.69	2.02	Bcell
CTGCTCATCCAACAAC-1	-13.48	0.69	Bcell
CTGGCAGCAATCATCG-1	-14.07	-0.66	Bcell
CTGGCAGCACTCCACT-1	-12.2	0.59	Bcell
CTGGCAGCACTGTTAG-1	-12.1	0.28	Bcell
CTGGCAGGTAAACGAT-1	-12.36	-0.88	Bcell
CTGGCAGGTCACCGCA-1	-14.03	-0.56	Bcell
CTGGCAGGTGCAAGCA-1	-13.21	0.56	Bcell
CTGGCAGTCAGTCAAC-1	-13.47	0.18	Bcell
CTGGCAGTCCCTACCA-1	-13.5	1.56	Bcell
CTGGGACAGAGGCGGA-1	-12.1	1.87	Bcell
CTGGGACAGTCTGGGA-1	-12.52	-0.55	Bcell
CTGGGACCAGAGAGAA-1	-12.02	-0.12	Bcell
CTGGGACTCGGTTAGT-1	-3.13	-5.5	CD8
CTGTATTAGCCATGGA-1	-13.15	-0.11	Bcell
CTGTATTCAAGTAATG-1	-12.23	-0.67	Bcell
CTGTATTGTAACCATC-1	-13.18	-0.15	Bcell
CTGTATTGTCAATACC-1	-13.33	-0.86	Bcell
CTGTATTTCGATGCAT-1	-11.96	0.41	Bcell
CTGTTCGCAGGGAGTT-1	-12.48	1.14	Bcell
CTGTTCGGTAATGTAG-1	-12.69	0.74	Bcell
CTGTTCGTCTCCTTGG-1	-13.06	-0.96	Bcell
CTTAATCCATTAAGGA-1	-13.01	0.4	Bcell
CTTAATCGTGGTCGAA-1	-14.56	0.73	Bcell
CTTAATCTCGGGATCC-1	-11.83	-0.5	Bcell
CTTAATCTCTTCACTA-1	-12.43	0.63	Bcell
CTTCCAGAGAACGACC-1	1.97	10.07	myeloid
CTTCCAGAGGGCATTG-1	-12.22	-1.11	Bcell
CTTCCAGCACAGGTAG-1	-12.46	-0.75	Bcell
CTTCCAGTCCGATGCG-1	0.79	9.29	myeloid
CTTCCAGTCTCCTTAA-1	-11.85	1.89	Bcell
CTTCTAAAGAGAAGCA-1	-13.69	-0.31	Bcell
CTTGAAGAGAGGCCTA-1	-13.15	1.88	Bcell
CTTGAAGAGGTTACAA-1	-13.03	0.71	Bcell
CTTGAAGGTATTTGCG-1	-5.68	-5.8	CD8
CTTGAAGGTTCTCGAA-1	-13.7	-1.35	Bcell
CTTGAAGGTTTGAAGA-1	-13.11	2.02	Bcell
CTTGAAGTCACTACCC-1	-13.06	2.28	Bcell
CTTGAAGTCAGGGTTT-1	-12.6	-1.4	Bcell
CTTGCCAGTTTAGGAA-1	3.55	3.6	myeloid
CTTGCCATCGGATAGG-1	-14.15	1.02	Bcell
CTTGCCATCTGTAGAC-1	-12.37	0.55	Bcell
CTTGCTGAGGGAAATG-1	-12.99	0.09	Bcell
CTTGCTGAGTACTCTG-1	-13.98	1.22	Bcell
CTTGCTGCAGTTGGAG-1	-14.16	1.43	Bcell
CTTGCTGGTCGAGGTA-1	5.49	-8.98	CD4
CTTGCTGGTCTCGGGT-1	-12.02	1.89	Bcell
CTTGCTGTCTTACTCA-1	-11.84	-0.54	Bcell
CTTGTCGCACAAGGGT-1	-13.24	-0.87	Bcell
CTTGTCGCAGGCTACC-1	-12.26	0.94	Bcell
CTTGTCGTCACTCGGG-1	-13.18	1.29	Bcell
CTTGTCGTCGAGGTAG-1	-11.42	0.39	Bcell
CTTGTCGTCTGAGTAC-1	-12.55	1.08	Bcell
CTTTGCGAGGATTAAC-1	7.56	-9.11	CD4
CTTTGCGTCGGTCGAC-1	-14.45	-0.75	Bcell
GAAACAATCCTATCCG-1	-12.63	-0.66	Bcell
GAAAGTAAGGTTCGAG-1	-6.09	-6.75	CD8
GAAAGTAAGTTGCGCC-1	-13.63	0.53	Bcell
GAAAGTACACGCGACT-1	-13.4	-0.02	Bcell
GAAAGTACACGTACAT-1	-12.99	1.99	Bcell
GAAAGTAGTCCCGTGA-1	-13.09	0.34	Bcell
GAAAGTAGTGTCTACA-1	-12.01	0.66	Bcell
GAAATGAAGTGTCGGA-1	-11.83	1.2	Bcell
GAAATGATCCTGAAAC-1	-12.11	-0.85	Bcell
GAAATGATCTGGAAGG-1	-12.44	-0.67	Bcell
GAAATGATCTTAAGCG-1	-14.67	0.56	Bcell
GAACCGCCACAGCTTA-1	-13.5	0.63	Bcell
GAACCGCCACCGATCG-1	-13.3	-1.45	Bcell
GAACCGCCATTCCCGT-1	-11.85	-0.69	Bcell
GAACCGCTCTCAGATG-1	-13.11	-0.01	Bcell
GAACCGCTCTCTCAAT-1	-12.73	0.75	Bcell
GAACCTAAGCTAACAA-1	-11.77	1.48	Bcell
GAACCTAAGTAACTCC-1	-12.86	1.2	Bcell
GAACCTAAGTGATCTC-1	-14.46	-0.47	Bcell
GAACCTAGTTTGGATC-1	-13.66	-0.04	Bcell
GAACCTATCATGAACC-1	-13.03	1.91	Bcell
GAACGTTCAACGTCCG-1	-13.16	-0.85	CD4
GAACGTTTCGCACCGA-1	-6.03	-5.93	CD8
GAACTTGCATCGAGTT-1	-13.49	0.68	Bcell
GAACTTGGTAGCAGCA-1	-5.41	-5.46	CD8
GAAGAGCAGAGGTCCA-1	-13.81	1.21	Bcell
GAAGAGCAGTGTGTAA-1	-6.03	-6.09	CD8
GAAGAGCCAACATAAG-1	-13	-1.05	Bcell
GAAGAGCCACATCATG-1	-13.3	0.63	Bcell
GAAGAGCCAGGATAGC-1	-13.06	-1.22	Bcell
GAAGAGCGTCCGCTTT-1	-12.65	0.1	Bcell
GAAGTCTAGCCGCTGT-1	-13.83	-0.1	Bcell
GAAGTCTAGGGCTCTC-1	-13.59	-0.75	Bcell
GAAGTCTGTAGTAACA-1	-11.3	-0.39	Bcell
GAAGTCTTCGGGCTCA-1	-2.31	-5.66	CD8
GAAGTCTTCGTGGCGT-1	-12.25	-0.27	Bcell
GAAGTGGGTACCTATG-1	-14.01	0.36	Bcell
GAAGTGGTCAGAATGA-1	-12.58	0.78	Bcell
GAAGTGGTCGAACACT-1	-14.37	0.09	Bcell
GAATCTGAGAGGAATG-1	-12.34	0.26	Bcell
GAATCTGAGTGTCGGA-1	-11.98	1.66	Bcell
GAATCTGCACATAAAG-1	-14.17	-0.25	Bcell
GAATCTGCATGGGTGA-1	-12.39	-1.59	Bcell
GAATCTGCATTTGGTG-1	-12.92	-0.44	Bcell
GACCAATAGAACCATA-1	-13.5	-1.21	Bcell
GACCAATAGAGGCGGA-1	-12.2	0.15	Bcell
GACCAATAGTCGGGAT-1	-13.53	-0.45	Bcell
GACCAATCACTTACAG-1	-13.62	-1.18	Bcell
GACCAATGTGATCAGG-1	-12.02	-0.41	Bcell
GACCAATGTGCGCTCA-1	-13.34	1.34	Bcell
GACCAATGTGGACAGT-1	-14.08	-0.26	Bcell
GACCAATGTTGGACGA-1	-12.67	0.45	Bcell
GACCAATTCTGAACGT-1	-11.58	1.41	Bcell
GACCAATTCTGGGCGT-1	-13.5	-0.31	Bcell
GACCCAGAGTGTCCCG-1	-12.57	0.71	Bcell
GACCCAGCATCAGAAA-1	-12.79	-0.29	Bcell
GACCCAGTCAACGTGT-1	-12.81	0.47	Bcell
GACCCAGTCCTCTCTT-1	-12.22	0.95	Bcell
GACCGACAGATACCAA-1	-13.42	-0.16	Bcell
GACCGACGTGATGTGG-1	-11.9	-0.18	Bcell
GACCGACTCAGGAATA-1	-12.86	-0.85	Bcell
GACCGACTCCGGAAAG-1	-11.98	-0.61	Bcell
GACCGACTCGCTCGGA-1	-12.21	1.34	Bcell
GACCTTCAGTTGACAA-1	-12.52	0.1	Bcell
GACCTTCCACTGCTCT-1	-12.76	-0.78	Bcell
GACCTTCCAGTGCTCG-1	-5.25	-5.92	CD8
GACCTTCCATGATCGT-1	-12.9	1.86	Bcell
GACCTTCGTGCTAGTT-1	-13.01	-0.24	Bcell
GACCTTCGTTGGCGAA-1	-13.27	0.98	Bcell
GACCTTCGTTTCTTAC-1	-13.66	1.81	Bcell
GACCTTCTCAACGTGT-1	-12.15	0.11	Bcell
GACCTTCTCTTCTTCC-1	-12.48	1.08	Bcell
GACTAACCAAAGGTCG-1	-14.08	0.06	Bcell
GACTAACGTGTGACCC-1	-12.97	1.52	Bcell
GACTAACTCCACGGCA-1	-12.21	0.73	Bcell
GACTAACTCGCCGAAC-1	-14.33	0.81	Bcell
GACTAGTCATCTCTCG-1	-13.09	1.78	Bcell
GACTAGTTCCCGTAGG-1	-12.24	1.11	Bcell
GACTAGTTCGCTCGGA-1	-14.02	0.72	Bcell
GAGAACGCAGCTGATT-1	-13	-0.67	Bcell
GAGAACGCAGGTGTCC-1	-12.67	-0.09	Bcell
GAGAACGGTAGTAACA-1	-12.32	2.16	Bcell
GAGAACGGTATCTGCA-1	-13.53	2.3	Bcell
GAGAACGTCCTTTGCG-1	-12.3	-0.98	Bcell
GAGAACGTCTATCTAC-1	-12.86	-1.45	Bcell
GAGAACGTCTTATCAC-1	-13.75	0.63	Bcell
GAGACTTAGTGAGTTA-1	-14.05	0.08	Bcell
GAGACTTCATGGTATC-1	-11.91	1.82	Bcell
GAGACTTGTCAACTAC-1	-4.31	-5.23	CD8
GAGACTTTCCATCGAA-1	-13.17	0.27	Bcell
GAGACTTTCGATAGGG-1	-12.62	1.89	Bcell
GAGACTTTCTCTGTTA-1	-13.57	0.07	Bcell
GAGATTCCAGATTTGC-1	-12.36	0.08	Bcell
GAGATTCTCGCGCTGA-1	0.72	7.17	myeloid
GAGCATTAGCGCACAA-1	-13.23	-0.59	Bcell
GAGCATTAGGAATGGA-1	-12.21	1.51	Bcell
GAGCATTCAAAGCTTC-1	-13.31	0.25	Bcell
GAGCATTCAGGCTACC-1	-12.43	-0.67	Bcell
GAGCATTCATGCGTTA-1	-13.38	-0.3	Bcell
GAGCATTGTAATGCAA-1	-13.54	0.28	Bcell
GAGCATTGTCTCTGCT-1	-12.35	1.31	Bcell
GAGCATTGTTAAGTCC-1	-13.45	0.64	Bcell
GAGCATTGTTCTACGA-1	-11.97	0.08	Bcell
GAGCGCTAGCCCATGC-1	-12.88	1.25	Bcell
GAGCGCTCAAAGCTGG-1	2.06	7.86	myeloid
GAGGATGCACATATCG-1	-11.64	0.47	Bcell
GAGGATGCATGATTGC-1	8.06	-9.01	CD4
GAGGATGGTGACCAGA-1	-14.64	-0.58	Bcell
GAGGATGGTGATCAGG-1	-12.7	1.9	Bcell
GAGGATGTCACTAGGT-1	-12.42	-0.81	Bcell
GAGGATGTCTCTGACC-1	-12.95	-0.2	Bcell
GAGGATGTCTGTCGGG-1	-13.16	1.17	Bcell
GAGGCTCAGCCATGGA-1	-13.46	0.66	Bcell
GAGGCTCAGGATTAAC-1	-12.31	1.54	Bcell
GAGGCTCAGTATACCC-1	-13.31	-0.92	Bcell
GAGGCTCAGTTGCTTG-1	-12.02	-0.1	Bcell
GAGGCTCCAATGGCAG-1	-12.52	0.57	Bcell
GAGGCTCGTACAACGG-1	-14.34	1.01	Bcell
GAGGCTCGTTCCCAAA-1	-13.59	1.62	Bcell
GAGGCTCTCCAGGTAT-1	-11.05	-0.17	Bcell
GAGGTCCAGTCGCCTG-1	-11.81	0.9	Bcell
GAGGTCCCACGACGAA-1	-13.69	0.53	Bcell
GAGGTCCTCTTTGCAT-1	-12.76	-0.56	Bcell
GAGTGAGCAAGCACTT-1	-12.35	0.5	Bcell
GAGTGAGTCTGAGTCA-1	-12.4	-0.73	Bcell
GATCATGAGTATGCTC-1	-11.98	0.34	Bcell
GATCATGCATTCTTTG-1	-13.8	0.05	Bcell
GATCATGGTTACGCTA-1	-13.51	-0.57	Bcell
GATCGTAAGATGGGAA-1	-13.68	-0.71	Bcell
GATCGTACAGGGTAAC-1	-14.16	-0.23	Bcell
GATCGTAGTGTCCTTC-1	-13.61	-0.78	Bcell
GATGATCCAACTAGAA-1	-13.15	-0.9	Bcell
GATGATCCATCATGTG-1	-12.48	0.77	Bcell
GATGATCGTAACCATC-1	-13.65	-0.72	Bcell
GATGGCCAGCAATAAC-1	-12.25	-1.58	Bcell
GATGGCCAGTCGTACT-1	-12.9	2.27	Bcell
GATGGCCCAAGAGATT-1	-12.82	-0.44	Bcell
GATGGCCTCAAACCAC-1	-14.24	-0.8	Bcell
GATGGCCTCCAGCACG-1	-12.14	0.81	Bcell
GATTAGCAGGTAAGCC-1	-12.34	-1.62	Bcell
GATTAGCTCACAAGCT-1	-13.49	1.14	Bcell
GATTAGCTCTCATATC-1	-12.93	0.92	Bcell
GATTGACCATCTGCAA-1	-14.54	0.31	Bcell
GATTGACGTCAGAAAT-1	-12.37	0.01	Bcell
GCAAAGGAGTCACACT-1	-13.25	0.22	Bcell
GCAAAGGTCATTCTTG-1	-13.13	2.16	Bcell
GCAAAGGTCGATCTTT-1	-14.05	1.07	Bcell
GCAACCGAGTGAACCG-1	-13.17	0.51	Bcell
GCAACCGGTACAACGG-1	-13.1	1.93	Bcell
GCAACCGGTCTGCACG-1	-13.52	-0.26	Bcell
GCACGCACATCGCTAA-1	-14.01	0.46	Bcell
GCACGCAGTCTGTTGA-1	8.45	-9.27	CD4
GCACGCAGTTCAGTAC-1	-13.31	0.71	Bcell
GCACGCATCCGGGCAT-1	-11.8	0.24	Bcell
GCACGGTAGAACAGGA-1	-12.49	-0.26	Bcell
GCACGGTGTGGTTCTA-1	-13.35	-0.45	Bcell
GCAGATTAGAGCGGTT-1	-11.6	0.4	Bcell
GCAGATTAGCTACGTT-1	-14	1.66	Bcell
GCAGATTAGCTGATTC-1	-13.58	0.64	Bcell
GCAGATTAGGTCTTTG-1	-13.65	0.98	Bcell
GCAGATTCACGATTAC-1	-12.47	-1.46	Bcell
GCAGATTTCTAGTCGA-1	-12.9	2.3	Bcell
GCAGCCAAGCCATCAT-1	-12.01	1.57	Bcell
GCAGCCAAGTACCCAT-1	-13.24	1.71	Bcell
GCAGCCAAGTGAATAC-1	-13.35	0.08	Bcell
GCAGCCACAAGCGGTA-1	-12.74	0.16	Bcell
GCAGCCACACAGGTAG-1	-12.36	1.4	Bcell
GCAGCCACATCAACTG-1	-12.3	1.59	Bcell
GCAGCCAGTTTGCCAA-1	-13.29	1.67	Bcell
GCAGCTGCACCTGGTG-1	-12.87	1.01	Bcell
GCAGCTGCACGCTGTG-1	-13.3	1.36	Bcell
GCAGCTGTCACGATTG-1	-13.27	1.58	Bcell
GCAGCTGTCCTATCCG-1	-13.01	-1.31	Bcell
GCAGCTGTCGAACACT-1	-14.01	0.7	Bcell
GCATGATAGTTCCCGG-1	-13.02	-0.71	Bcell
GCATGATCAAGAGCGT-1	-12.64	0.55	Bcell
GCATGATTCAGGCGCT-1	-13.23	-0.08	Bcell
GCATTCCCAAGGAAGA-1	-12.57	0.42	Bcell
GCATTCCCATGTCCCT-1	-13.45	0.39	Bcell
GCATTCCCATTCTTTG-1	-12.82	1.47	Bcell
GCATTCCTCAGGTTTG-1	-11.28	-1.11	Bcell
GCATTCCTCCAGGTCG-1	-13.48	1.39	Bcell
GCATTCCTCGCCACTT-1	-12.56	-1.71	Bcell
GCATTGAGTCAACTGT-1	-11.57	-0.21	Bcell
GCATTGAGTGTTTCTT-1	-6.03	-6.32	CD8
GCCAGACAGTGTCGGA-1	-14.16	1.78	Bcell
GCCAGCAAGCCATGGA-1	-12.95	0.01	Bcell
GCCAGCAGTAAAGGCC-1	-12.63	1.21	Bcell
GCCAGCATCTAAACGC-1	-13.07	-0.61	Bcell
GCCAGCATCTTGTCGC-1	-13.29	0.47	Bcell
GCCATAACAATTGGCT-1	-13.81	-1.31	Bcell
GCCATAACACAAACAA-1	-12.94	0.75	Bcell
GCCATAACACACTAGT-1	-12.42	1.33	Bcell
GCCATAATCAGTGTGT-1	-13.68	0.03	Bcell
GCCATAATCGCCAGAC-1	-12.8	-0.69	Bcell
GCCCAGAGTGATTCCA-1	-14.59	-0.14	Bcell
GCCCAGATCCAACCTC-1	-12.89	-0.5	Bcell
GCCCAGATCGTGGCGT-1	-2.9	-5.26	CD8
GCCCGAAAGATCTCAC-1	-13.97	-1.16	Bcell
GCCCGAACAAGCGGTA-1	-14.36	-0.33	Bcell
GCCTACTAGCGCACAA-1	-13.46	0.39	Bcell
GCCTACTAGGACCGAT-1	-13.32	-0.65	Bcell
GCCTACTAGTACCACT-1	-13.03	1.16	Bcell
GCCTACTGTTTGATCG-1	-13.2	0.23	Bcell
GCCTACTTCAAAGTAG-1	-12.44	2.19	Bcell
GCCTACTTCACGATTG-1	-12.11	-0.04	Bcell
GCCTACTTCGACTGGC-1	-12.24	1.19	Bcell
GCCTAGGAGCATGTGG-1	-14.19	0.79	Bcell
GCCTAGGCAAAGGCCA-1	6.8	-8.83	CD4
GCCTAGGCACGCCGAT-1	-12.62	0.65	Bcell
GCCTAGGCACTGTCAA-1	-14.2	0.64	Bcell
GCCTAGGCATCAGAAA-1	-11.79	1.02	Bcell
GCCTAGGGTGCTGTGC-1	-12.1	1.35	Bcell
GCCTAGGGTTACGGAG-1	-11.73	0.96	Bcell
GCCTAGGGTTTCAGCA-1	2.18	8.44	myeloid
GCCTAGGTCATTCGGA-1	-14.19	-0.41	Bcell
GCCTAGGTCCTCCATG-1	-13.24	0.54	Bcell
GCCTAGGTCGACTCGG-1	-13.62	-0.29	Bcell
GCCTAGGTCGGGAATG-1	-14.06	-0.89	Bcell
GCGAGAAAGATGTTGA-1	-13.55	0.24	Bcell
GCGAGAAAGGAAGAAC-1	-14.29	-0.11	Bcell
GCGAGAACAGCGCGTT-1	-13	0.05	Bcell
GCGAGAACAGGTAGGT-1	-3.87	-5.68	CD8
GCGAGAACATCCCTTG-1	-13.02	-0.35	Bcell
GCGAGAATCGTCGCAG-1	-13.03	1.11	Bcell
GCGAGTCCATGGGAAC-1	-12.7	0.51	Bcell
GCGAGTCGTAATGTAG-1	-11.94	-1.12	Bcell
GCGAGTCGTATTTGCG-1	-12.27	1.02	Bcell
GCGAGTCGTGACGCAA-1	-12.43	1.3	Bcell
GCGAGTCGTGGAAGCT-1	0.62	9.59	myeloid
GCGAGTCGTGGACGAT-1	-13.62	-0.32	Bcell
GCGAGTCGTTACACTG-1	-12.18	-0.55	Bcell
GCGATCGAGAAATGGG-1	-12.96	0.22	Bcell
GCGATCGAGAACGCCA-1	-13.23	-0.39	Bcell
GCGATCGAGATGCGAC-1	-11.81	0.96	Bcell
GCGATCGCAAATTCCG-1	-12.82	1.17	Bcell
GCGATCGCAAGCGGTA-1	-12.77	-0.03	Bcell
GCGATCGCAGTAGTTC-1	-11.59	0.53	Bcell
GCGATCGTCGGGCTCA-1	-12.33	1.73	Bcell
GCGATTAAGACAGCTG-1	-13.3	1.13	Bcell
GCGATTAAGACGACTG-1	-12.48	1.46	Bcell
GCGATTAAGTGATATG-1	-5.29	-5.96	CD8
GCGATTACAAATGCTC-1	-12.24	0.02	Bcell
GCGATTACAAATTCCG-1	-13.06	1.92	Bcell
GCGATTACACATTGCA-1	-12.58	0.86	Bcell
GCGATTACACTCGCAG-1	-12.75	0.86	Bcell
GCGATTAGTAACGTAA-1	-12.48	0.69	Bcell
GCGATTAGTAATGTAG-1	-12.75	1.32	Bcell
GCGATTAGTCTGGGCT-1	-13.69	0.7	Bcell
GCGATTATCAGCCGGT-1	-13.38	-0.35	Bcell
GCGATTATCCGGAAAG-1	-13.31	1.14	Bcell
GCGCATGCACTGTCAA-1	-12.12	1.71	Bcell
GCGCATGCAGATAAGT-1	-11.62	-1.16	Bcell
GCGCATGGTCAGGTGA-1	-12.9	0.42	Bcell
GCGCCAAAGCGTCAAG-1	0.63	7.14	myeloid
GCGCCAACAATGCATC-1	-14.38	0.2	Bcell
GCGCCAACACGGCCAT-1	-11.87	0.41	Bcell
GCGCCAATCGTGAGTT-1	-13.23	1.26	Bcell
GCGGAAAGTGTGTGTT-1	-12.13	0.79	Bcell
GCGGAAATCCAAGTCA-1	-13.5	0.82	Bcell
GCGGGTTAGAGAACCC-1	-14.27	1.65	Bcell
GCGGGTTAGATGTTCC-1	-11.65	-0.72	Bcell
GCGGGTTCAGCAACAG-1	-11.14	-0.1	Bcell
GCGGGTTGTATTGTCG-1	-5.58	-5.52	CD8
GCGGGTTGTTTCCGGG-1	3.58	3.91	myeloid
GCGGTGTAGGGCTTCC-1	-12.84	-0.51	Bcell
GCGGTGTGTGCGCTCA-1	-13.42	-0.43	Bcell
GCGGTGTTCCTATCAT-1	-12.6	1.19	Bcell
GCGGTGTTCTATAGGC-1	-12.44	0.6	Bcell
GCGTAGCAGCAGGAGG-1	-14.35	1.3	Bcell
GCGTAGCAGGTACACG-1	-12.25	0.02	Bcell
GCGTAGCCAACCTCTC-1	-14.78	0.48	Bcell
GCGTAGCCACGATTAC-1	-11.84	-0.38	Bcell
GCGTAGCGTCGATTAC-1	-12.9	-0.16	Bcell
GCGTTGGAGAGCTCCC-1	-11.91	0.37	Bcell
GCGTTGGCACAGCTTA-1	-12.14	0.57	Bcell
GCGTTGGCACTAGCCG-1	-13.38	0.62	Bcell
GCGTTGGCAGGCTACC-1	-11.51	1.53	Bcell
GCGTTGGCATTAAGGA-1	1.28	7.26	myeloid
GCGTTGGGTATCCTTT-1	-13.21	-1.22	Bcell
GCGTTGGTCCATACCC-1	-11.34	0.11	Bcell
GCGTTGGTCTTACTCA-1	-12.59	0.65	Bcell
GCTCACTAGTTAGCAA-1	-12.94	-0.21	Bcell
GCTCACTCACAAACGG-1	-13.25	0.55	Bcell
GCTCACTGTATCTCAG-1	-13.24	1.34	Bcell
GCTCACTTCACAAGCT-1	-14.22	0.54	Bcell
GCTCAGGCAAAGCATA-1	3.9	-9.37	CD4
GCTCAGGTCACCCGGA-1	-12.18	-0.19	Bcell
GCTCCTAAGAGGCAGG-1	-12.01	0.96	Bcell
GCTCCTAAGTCTCTAG-1	-13.79	0.97	Bcell
GCTCCTAAGTTACCAC-1	-12.59	1.94	Bcell
GCTCCTAGTACGCCCA-1	-11.79	0.97	Bcell
GCTCCTATCAAACCAC-1	-13.11	-0.23	Bcell
GCTCCTATCATCGCCT-1	4.57	-9.31	CD4
GCTCCTATCCAGCACG-1	-13.88	-0.61	Bcell
GCTCCTATCTCAGATG-1	-13.91	0.08	Bcell
GCTCGAGAGAGAACCC-1	-12.92	-0.17	Bcell
GCTCGAGCAACACGGA-1	-11.43	1.49	Bcell
GCTCGAGCAAGGCGTA-1	-13.08	1.38	Bcell
GCTCGAGCAGGTTATC-1	-12.32	0	Bcell
GCTCGAGCATTTCTTG-1	-12.12	-1.74	Bcell
GCTCGAGGTTGGCTAT-1	-12.75	0.83	Bcell
GCTGAGCAGAAGGGCG-1	-13.64	-0.28	Bcell
GCTGAGCAGAATATCG-1	-12.9	1.03	Bcell
GCTGAGCAGGTCGGTA-1	-12.45	-1.09	Bcell
GCTGAGCCAATGGCAG-1	-12.76	1.02	Bcell
GCTGAGCCAGGCATTT-1	-13.07	1.77	Bcell
GCTGAGCCATATACGC-1	-12.34	1.83	Bcell
GCTGCGATCTCGACAA-1	-12.58	1.18	Bcell
GCTGCGATCTGATCCC-1	-13.55	-1.35	Bcell
GCTGCGATCTTCCGTG-1	-14.03	-0.18	Bcell
GCTGTTCAGACTAGGC-1	-12.25	0.4	Bcell
GCTGTTCCAACGTAGG-1	-12.39	-0.68	Bcell
GCTGTTCCATCAGCTA-1	-11.46	0.43	Bcell
GCTGTTCGTTTGTCTT-1	-12.83	-0.74	Bcell
GCTGTTCTCAGCACTA-1	-12.63	-1.01	Bcell
GCTGTTCTCCTCCATG-1	-13.62	1.34	Bcell
GCTGTTCTCCTGAAAC-1	-8.34	-4.99	NKcell
GCTTAAGAGCTCCGGT-1	-12.8	1.32	Bcell
GCTTAAGCAACTCGTA-1	-13.42	-1.13	Bcell
GCTTAAGCAAGCCAGA-1	-12.06	-0.47	Bcell
GCTTAAGGTTCCAGTA-1	-3.09	-5.3	CD8
GCTTAAGGTTTGTACG-1	-12.24	-1.1	Bcell
GCTTGCTAGTCGCCTG-1	-12.12	0.83	Bcell
GCTTGCTTCAACTTGG-1	-13.23	-0.09	Bcell
GCTTGCTTCATCGCCT-1	-12.57	-1.25	Bcell
GCTTGCTTCATCGCTC-1	-12.68	1.31	Bcell
GCTTGCTTCTTCCAGC-1	-11.99	1.31	Bcell
GCTTTCGCAGCGTACC-1	-13.44	-0.48	Bcell
GCTTTCGTCGAGAACG-1	-11.7	2.01	Bcell
GGAACCCAGGCCTCTG-1	-11.26	0.16	Bcell
GGAACCCCATGATTGC-1	-12.69	-0.49	Bcell
GGAACCCCATTAAGGA-1	-13.16	-0.87	Bcell
GGAACCCTCCAAGTCA-1	-13.34	-0.04	Bcell
GGAACTTAGGCTTAAA-1	5.04	-9.13	CD4
GGAACTTGTCCGAGCT-1	-12.49	0.64	Bcell
GGAACTTGTGGCATAG-1	-12.07	-0.66	Bcell
GGAACTTTCAGGATCT-1	-14.28	-0.02	Bcell
GGAACTTTCCGGGCAT-1	-13.72	1.57	Bcell
GGAATCTAGAAGAGTG-1	-13.83	-1.27	Bcell
GGAATCTAGTAGGTCG-1	-12.2	0	Bcell
GGAATCTCACAAGTGG-1	-12.09	-0.44	Bcell
GGAATCTCACTGATAC-1	-13.14	1.41	Bcell
GGAATCTCAGGTAACG-1	-11.33	-0.63	Bcell
GGAATCTCATTCACCC-1	-13.62	-0.69	Bcell
GGAATCTTCAGTGTGT-1	-14.34	-0.26	Bcell
GGAATCTTCGACTATG-1	-13.8	0	Bcell
GGAATCTTCGGTCAGC-1	-12.93	1.09	Bcell
GGACACCCACAAGGGT-1	-13.43	-0.62	Bcell
GGACACCCAGAGAGAA-1	-13.65	0.01	Bcell
GGACACCTCGGGACAA-1	-11.29	0.73	Bcell
GGAGAACCACCTGTGG-1	-13.92	0.68	Bcell
GGAGGATAGTGATAAC-1	-14.39	-0.24	Bcell
GGAGGATAGTTACCAC-1	-12.83	0.73	Bcell
GGAGGATGTCCGTGCA-1	-13.69	-1.19	Bcell
GGAGGATGTCGAGGAT-1	-13.96	-0.28	Bcell
GGAGGATTCACATTCT-1	-12.43	-0.12	Bcell
GGAGGATTCGTGGTAT-1	-13.06	1.6	Bcell
GGAGTAGAGTCCGATT-1	-11.59	-0.63	Bcell
GGAGTAGGTCATAGCT-1	-13.74	0.26	Bcell
GGAGTAGGTTTGGATC-1	0.11	8.1	myeloid
GGAGTAGTCCTATCAT-1	-13.37	0.45	Bcell
GGAGTAGTCGTGCTTC-1	-12.18	0.43	Bcell
GGATAGGAGATTCCGT-1	-13.24	-0.12	Bcell
GGATAGGCAAACTACC-1	-13.21	1.58	Bcell
GGATAGGGTAAAGGCC-1	-13.71	-0.63	Bcell
GGATAGGGTCCAGACC-1	4.6	-9.19	CD4
GGATAGGTCTCGACCT-1	-11.86	0.04	Bcell
GGATGAGAGCCATCAT-1	-13.25	-0.25	Bcell
GGATGAGCAAGGAACC-1	8.16	-8.98	CD4
GGATGAGCATTCTCGC-1	-11.77	-1.04	Bcell
GGATGAGGTCACCCGA-1	3.24	3.87	myeloid
GGATGAGGTTGGCGAA-1	-11.65	0.22	Bcell
GGATGAGTCGAGTTAC-1	-12.18	-0.81	Bcell
GGCACGTCAAATGCTC-1	-12.03	1.06	Bcell
GGCACGTCATCCCTTG-1	-13.15	0.72	Bcell
GGCACGTGTAAGCCTT-1	-12.85	0.17	Bcell
GGCACGTTCTGTAGAC-1	-13.67	-1.11	Bcell
GGCATTAGTCCTTATT-1	-12.88	1.77	Bcell
GGCATTAGTCTAACCA-1	-13.05	1.25	Bcell
GGCATTAGTTGGCTTA-1	-11.81	-1.13	Bcell
GGCATTAGTTTGTAGC-1	-12.79	1.06	Bcell
GGCATTATCCTGACCT-1	-0.5	8.09	myeloid
GGCATTATCGATAGGG-1	-12.25	1.91	Bcell
GGCGAAAAGTGAAGGA-1	-12.73	-0.99	Bcell
GGCGAAACACGGCCAT-1	4.03	-9.26	CD4
GGCGAAACATCGCTAA-1	-12.27	-0.82	Bcell
GGCGAAACATGCCTTC-1	-12.5	1.19	Bcell
GGCGAAAGTCTCTGCT-1	-13.9	-0.02	Bcell
GGCGAAAGTGCAAAGC-1	-11.72	-0.19	Bcell
GGCGTTGAGGATGTAT-1	-13.37	0.94	Bcell
GGCGTTGAGGCGACTA-1	-6.24	-6.93	CD8
GGCGTTGAGTCGTACT-1	3.92	-9.15	CD4
GGCGTTGCACCGAAAG-1	-13.42	0.02	Bcell
GGCGTTGCACTTGCGG-1	-11.45	0.34	Bcell
GGCGTTGCATAGATAG-1	-12.48	-0.16	Bcell
GGCGTTGCATTGTGAC-1	-13.44	-0.13	Bcell
GGCGTTGGTAGCAGCA-1	-14.27	-0.68	Bcell
GGCGTTGTCAACGTGT-1	-13.27	-0.58	Bcell
GGGAACAAGTGTCACT-1	-12.49	0.24	Bcell
GGGAACAGTCGCTAGC-1	-0.93	-5.98	CD8
GGGAACATCGAACCGC-1	-12.34	-0.47	Bcell
GGGAACATCGGTCGAC-1	-13.13	-0.94	Bcell
GGGACCTCACGCCGAT-1	-13.68	-1.39	Bcell
GGGACCTCAGGGAGTT-1	-12.69	0.61	Bcell
GGGACCTGTAAGCCGA-1	-13.41	1.26	Bcell
GGGCCATAGGCGCTTC-1	-13.14	0.68	Bcell
GGGCCATTCCACACCT-1	-13	-0.7	Bcell
GGGCCATTCCGCGATG-1	-13.36	0.41	Bcell
GGGTCTGAGGCATGCA-1	-14.2	-0.36	Bcell
GGGTCTGAGTGCTGAG-1	-12.64	1.27	Bcell
GGGTCTGCATCCATAG-1	-13.69	-0.86	Bcell
GGGTCTGTCAGCACGC-1	-11.83	1.93	Bcell
GGGTGTCAGATCTAAG-1	-13.5	-0.84	Bcell
GGGTGTCAGTTAGAGT-1	-13.79	0.9	Bcell
GGGTGTCCAAACCGAG-1	-12.91	-0.66	Bcell
GGGTTATAGCTGGAGT-1	-12.47	-0.15	Bcell
GGGTTATCAGCCACGT-1	-13.91	-0.74	Bcell
GGGTTATCAGCGTACC-1	-11.95	0.49	Bcell
GGGTTATCAGGACCTC-1	-12.45	-0.2	Bcell
GGGTTATGTCATCGTA-1	-13.05	-0.21	Bcell
GGGTTATTCAGTGGTT-1	-12.14	-0.98	Bcell
GGGTTATTCCCAGTAA-1	3.64	-9.37	CD4
GGGTTATTCGGCATAT-1	-13.91	-0.16	Bcell
GGTACCGAGTCATACC-1	-11.85	-0.76	Bcell
GGTACCGCACATTCTT-1	-14.01	0.31	Bcell
GGTACCGGTGCAAAGC-1	-13.81	1.03	Bcell
GGTACCGGTTACGCTA-1	-13.13	-0.24	Bcell
GGTAGGAAGCGGACAT-1	-13.6	0.65	Bcell
GGTAGGACACTAGCCG-1	-13.67	-0.24	Bcell
GGTAGGAGTAACGTAA-1	-14.56	-0.66	Bcell
GGTAGGAGTCTCTGCT-1	-12.43	2.32	Bcell
GGTCATAGTCCTCAGG-1	-12.61	1.98	Bcell
GGTCATAGTTCAGAAA-1	-13.39	1.23	Bcell
GGTGAAGAGGGACGTT-1	-13.28	1.35	Bcell
GGTGAAGCAATCATCG-1	-13.43	-1.11	Bcell
GGTGAAGGTCTGGGAA-1	-13.91	-0.07	Bcell
GGTGAAGTCGCATACA-1	-13.53	0.03	Bcell
GGTGAAGTCTAGCTGA-1	-12.98	1.49	Bcell
GGTGCTGAGAAACGCC-1	-2.81	-5.32	CD8
GGTGCTGGTCTCTAAG-1	-12.07	1.91	Bcell
GGTGCTGTCCCAATGA-1	-12.17	0.78	Bcell
GGTGCTGTCTATCCTA-1	-4.1	-5.88	CD8
GGTGTCGGTCACTCTC-1	-11.61	-0.03	Bcell
GGTTGCGCAAATTGAG-1	-14.15	-1.01	Bcell
GGTTGCGGTAACCGAG-1	-12.53	0.21	Bcell
GGTTGCGGTACGCCCA-1	-13.91	-0.54	Bcell
GGTTGCGTCAACGTGT-1	-13.33	1.87	Bcell
GGTTGCGTCGCCTTAC-1	-12.95	0.28	Bcell
GGTTGCGTCGTGATAC-1	-13.38	0.09	Bcell
GTAATCGGTGAATCGG-1	-14.63	0	Bcell
GTACTTTAGCTACGTT-1	-13.33	0.03	Bcell
GTACTTTCACGTTACA-1	-13.99	0.88	Bcell
GTACTTTCAGCAACAG-1	-0.5	9.59	myeloid
GTACTTTGTAAGCCGA-1	-12.74	-1.27	Bcell
GTACTTTGTATTCACG-1	-12.45	-0.76	Bcell
GTACTTTGTCCACCAG-1	-13.89	0.38	Bcell
GTACTTTGTGCCCGAT-1	-3.68	-5.41	CD8
GTAGACTAGGCAGTAC-1	-11.46	0.23	Bcell
GTAGACTAGGGCATTG-1	-12.48	0.76	Bcell
GTAGGAGAGCCTCGCA-1	-13.18	0.73	Bcell
GTAGGAGGTAATGCAA-1	-12.92	-0.13	Bcell
GTAGGAGGTATGAAGT-1	-12.15	-0.24	Bcell
GTAGGAGTCAGGTTTG-1	-12.12	-0.38	Bcell
GTAGGAGTCCCAGCGA-1	0.91	10.09	myeloid
GTAGTACAGAGTTTGA-1	-12.81	0.36	Bcell
GTAGTACTCAATGCAC-1	-11.75	-0.33	Bcell
GTCACAAAGAGCTGTG-1	-13.78	1.18	Bcell
GTCACAAAGCTCGTTA-1	3.26	4.4	myeloid
GTCACAAAGGCTGGAT-1	-12.1	0.34	Bcell
GTCACAAAGTTGCGCC-1	-12.4	-0.07	Bcell
GTCACAACAAGTGGCA-1	-13.23	1.71	Bcell
GTCACAACATGCCTTC-1	-11.74	1.16	Bcell
GTCACAATCCCTACGT-1	-12.82	-0.06	Bcell
GTCACAATCGCGCTGA-1	-12.13	0.42	Bcell
GTCACCTAGAAGCCTG-1	-12.09	1.57	Bcell
GTCACCTAGTCGAGCA-1	-12.06	0.22	Bcell
GTCACCTCAGCACATT-1	-12.64	0.18	Bcell
GTCACCTCATGCACTA-1	-13	-1.04	Bcell
GTCACCTGTACGCAAG-1	-12.74	-0.59	Bcell
GTCACCTGTATTCTTC-1	-6.35	-7	CD8
GTCACCTGTATTGTCG-1	-13.6	-0.27	Bcell
GTCACCTGTGGCGCTT-1	-12.72	-0.14	Bcell
GTCACCTTCCGCGATG-1	-12.87	-0.82	Bcell
GTCACCTTCGGTCTCT-1	-13.08	0.51	Bcell
GTCACGGAGTAGTGTA-1	-11.34	-0.3	Bcell
GTCACGGCAATCAGGG-1	-11.72	-1.08	Bcell
GTCACGGCACCCTTTG-1	-11.88	0.27	Bcell
GTCACGGTCAATGCAC-1	-12.56	0.1	Bcell
GTCACTCAGGTTAGTA-1	-11.74	0.96	Bcell
GTCACTCAGTCGAAAT-1	-13.42	0.54	Bcell
GTCACTCTCAGCACTA-1	-13.5	1.04	Bcell
GTCACTCTCTCCTTGG-1	-12.74	-1.28	Bcell
GTCCATCAGTCGTGAG-1	-14.06	0.32	Bcell
GTCCATCCAATCAGGG-1	-14.07	-0.88	Bcell
GTCCATCGTGGAAGCT-1	-13.53	1.52	Bcell
GTCGTAAAGGAAGACA-1	-12.29	-0.7	Bcell
GTCGTAATCCGCTATC-1	-14.29	-0.4	Bcell
GTCGTAATCGGAAAGC-1	-12.39	0.67	Bcell
GTCTACCAGCGCAATG-1	-12.66	-0.53	Bcell
GTCTACCAGTCCGGAA-1	-12.93	-0.64	Bcell
GTCTACCCAATCAGGG-1	-12.91	1.8	Bcell
GTCTACCCAATTCAGC-1	-12.75	0.76	Bcell
GTCTACCCATCGCCTT-1	-13.11	1.51	Bcell
GTCTACCGTCTGGTCG-1	-12.73	0.14	Bcell
GTCTACCTCCATGTTT-1	-14.01	1.89	Bcell
GTGACATAGAAATGGG-1	-14.08	0.38	Bcell
GTGACATAGCAACGGT-1	-12.14	1.33	Bcell
GTGACATAGGGCTTCC-1	-13.44	0.62	Bcell
GTGACATCAGGTAGCA-1	1.67	8.96	myeloid
GTGACATCATCGACGC-1	-13.15	1.12	Bcell
GTGACATGTGACCAGA-1	-12.17	1.57	Bcell
GTGACATTCACACGTA-1	-13.08	-1.12	Bcell
GTGACATTCGACTGGC-1	-11.61	-0.94	Bcell
GTGACATTCTCTGCAC-1	-12.65	1.71	Bcell
GTGATCAAGCATTGGG-1	-13.32	1.16	Bcell
GTGATCAGTCTCGGGT-1	-12.63	1.9	Bcell
GTGATCAGTGAATCGG-1	-12.72	0.97	Bcell
GTGATCAGTTCTACGA-1	-13.15	-1.55	Bcell
GTGATCATCGAGGCTC-1	-12.31	1.09	Bcell
GTGATCATCGCCACTT-1	-13.6	2.35	Bcell
GTGCACGAGCAGAGCT-1	-13.97	-0.12	Bcell
GTGCACGCACTAAACC-1	-13.25	0.86	Bcell
GTGCACGGTATCACAC-1	-2.93	-5.34	CD8
GTGCACGGTGTGCTTA-1	-12.68	1.52	Bcell
GTGCACGTCGTCCCAT-1	-10.81	0.06	Bcell
GTGCCAGCAGACCTGC-1	-12.58	-0.22	Bcell
GTGCCAGCATAGTCCA-1	-12.81	1.72	Bcell
GTGCCAGTCGGGAAAC-1	-13.03	-1.06	Bcell
GTGCTGGCAAAGAAGG-1	-12.28	1.97	Bcell
GTGCTGGCACTGCTTC-1	-12.79	0.22	Bcell
GTGCTGGGTCTGTTGA-1	-12.28	-0.1	Bcell
GTGGATTCAAGTAATG-1	-13.14	-0.91	Bcell
GTGGATTCACAGTAGG-1	-13.2	-0.08	Bcell
GTGGATTCAGTCCTGG-1	3.41	-9.49	CD4
GTGGATTCATAGACGG-1	-12.37	1.28	Bcell
GTGGATTGTGAGTCGA-1	-12.32	1.23	Bcell
GTGGATTTCCTCTCTT-1	-12.98	1.53	Bcell
GTGGCGTAGCGAGAAA-1	-13.36	-0.28	Bcell
GTGGCGTTCATGTTCT-1	-14.01	0.75	Bcell
GTGGCGTTCCGGGCAT-1	-13.29	0.81	Bcell
GTGTCAACATTGTTCT-1	-13.52	1.77	Bcell
GTGTCAAGTTTCACCC-1	-12.36	0.58	Bcell
GTGTCCTCAATTCTCT-1	-13.18	1.82	Bcell
GTGTCCTCACCACGAC-1	-13.49	2.06	Bcell
GTGTCCTGTCCGTAGC-1	-13.39	2.65	Bcell
GTGTCCTTCCATAGGT-1	-13.43	2	Bcell
GTGTCCTTCGAGGTAG-1	-13.07	0.38	Bcell
GTGTGATAGCTAGCAG-1	-12.37	0.34	Bcell
GTGTGATAGGCTTCGC-1	-13.78	-1.44	Bcell
GTGTGATCAGTATACC-1	-12.4	-1.11	Bcell
GTGTGATTCCATACGA-1	-13.53	-1.21	Bcell
GTTACGAAGACGAAAG-1	-12.87	-1.54	Bcell
GTTACGAAGGCGTCCT-1	-11.73	-0.64	Bcell
GTTACGACAGAATGCG-1	-13.58	0.5	Bcell
GTTACGAGTGAGGTCA-1	-13.74	-0.38	Bcell
GTTACTTAGGGTCCCT-1	-13.56	1.61	Bcell
GTTACTTCAACGCAAG-1	-12.98	0.4	Bcell
GTTACTTCACGCTCAG-1	-13.07	-0.2	Bcell
GTTACTTCAGATAAGT-1	-12.15	-0.29	Bcell
GTTACTTCAGTGCTCG-1	-11.55	1.6	Bcell
GTTACTTGTTAGAGAT-1	-12.69	-1.24	Bcell
GTTATGGAGGCCTCGT-1	-12.67	2.32	Bcell
GTTATGGGTGCTGTGC-1	-13.96	0.71	Bcell
GTTATGGTCGTGAACT-1	-12.18	0.49	Bcell
GTTATTCAGTGTAATG-1	-14.62	0.18	Bcell
GTTATTCCAAAGGCCA-1	-13.39	0.88	Bcell
GTTATTCGTCTCTAAG-1	-14.35	0.39	Bcell
GTTATTCGTGCTAGTT-1	-12.78	1.11	Bcell
GTTCAAGGTAGTCTGT-1	-12.29	2.1	Bcell
GTTCAAGTCAAGAGAT-1	-12.61	-0.74	Bcell
GTTCAAGTCCTCCATG-1	4.22	-9.28	CD4
GTTGGGCCAACTGCGC-1	-12.32	-0.08	Bcell
GTTGGGCCAATAGTGA-1	-6.07	-5.82	CD8
GTTGGGCCATCCTGGG-1	-12.87	0.6	Bcell
GTTGGGCGTCTGTCCT-1	3.45	3.8	myeloid
GTTGGTACACAGCTTA-1	-12.9	2.07	Bcell
GTTGGTACATTACTTC-1	-12.95	0.57	Bcell
GTTGGTATCCCTACCA-1	-14.44	0.04	Bcell
TAAACCGAGGCAGTGT-1	-4.7	-6.34	CD8
TAAACCGAGGTGTCGA-1	-11.37	0.09	Bcell
TAAACCGAGTCCAGAG-1	-12.78	1.39	Bcell
TAAACCGTCGCCACTT-1	-13.85	-1.04	Bcell
TAACAGCCAAACAGTA-1	-11.6	0.37	Bcell
TAACAGCGTCATCAAC-1	-12.8	1.49	Bcell
TAACAGCGTCTCGGGT-1	-13.93	0.69	Bcell
TAACAGCGTGGCCTTG-1	8.58	-9.01	CD4
TAACAGCGTTGGCGAA-1	-13.67	-0.2	Bcell
TAACAGCTCGATGTGT-1	-12.69	1.34	Bcell
TAACGGTAGTTAGAGT-1	-12	0.39	Bcell
TAACGGTGTGTTGTTG-1	-13.52	1.24	Bcell
TAACTTCAGAATACTG-1	-13.09	0.01	Bcell
TAACTTCCAATCAGGG-1	-13.74	0.88	Bcell
TAACTTCGTCAGTGCC-1	5.96	-8.61	CD4
TAACTTCTCGGGCTCA-1	-11.79	-1.05	Bcell
TAACTTCTCGTGGAAG-1	-12.57	1.95	Bcell
TAAGCCAAGGTCGTTT-1	-13.24	2.12	Bcell
TAAGCCAAGTTCGCGC-1	-14.26	-0.51	Bcell
TAAGCCACAGCAATGG-1	-11.98	0.07	Bcell
TAAGCCACAGGTCTGC-1	-13.86	0.92	Bcell
TAAGCCACATCATCGA-1	-5.13	-5.56	CD8
TAAGCCATCACTGGTA-1	-13.02	0.05	Bcell
TAAGCCATCCCAATAG-1	-13.39	-0.89	Bcell
TAAGCCATCTCTTCCT-1	-13.19	-0.03	Bcell
TAAGTGCCAACACGGA-1	-13.1	0.1	Bcell
TAAGTGCGTATGGGTG-1	-13.32	-0.28	Bcell
TAAGTGCGTGCCCGAT-1	-12.8	-1.46	Bcell
TAAGTGCTCGGTCAGC-1	-13.93	-0.47	Bcell
TAATCGGAGAACCCGA-1	-14.32	-0.21	Bcell
TAATCGGAGGCGTCCT-1	-12.9	-0.52	Bcell
TAATCGGCAATAGTGA-1	-12.4	1.94	Bcell
TAATTCCAGAAATACC-1	4.62	-9.11	CD4
TAATTCCGTCAATACC-1	-12.89	-1.16	Bcell
TAATTCCGTCACTCTC-1	-12.43	0.04	Bcell
TAATTCCTCCCACTAC-1	-13.23	0.2	Bcell
TACAGCAAGCAACTGG-1	-13.08	0.43	Bcell
TACAGCAAGTCATCTG-1	-12.62	1.21	Bcell
TACAGCAAGTCTCTAG-1	-12.59	0.53	Bcell
TACAGCAGTGTAGGAC-1	-13.26	0.69	Bcell
TACATGGAGTTGTCCA-1	-11.56	1.03	Bcell
TACATGGGTGTGAGGT-1	-13.66	-0.53	Bcell
TACATTCCATTACTCT-1	-13.36	0.37	Bcell
TACATTCCATTTCACT-1	-13.74	-0.08	Bcell
TACATTCTCCCAGTAA-1	-12.09	-1.03	Bcell
TACCCTGAGTGAAGGA-1	-11.51	1.76	Bcell
TACCCTGCAAGGGTAC-1	-14.07	0.73	Bcell
TACCCTGGTCAAATCC-1	-13.64	-0.89	Bcell
TACCTATAGCTCGGCT-1	-12.09	0.05	Bcell
TACCTATAGGAGGCGA-1	-11.5	1.44	CD4
TACCTATAGGCACCTC-1	-12.61	2.33	Bcell
TACCTATAGGGTCCCT-1	-12.29	1.05	Bcell
TACCTATCAAGAGATT-1	-13.54	0.58	Bcell
TACCTATCACTAAACC-1	-12.17	-0.69	Bcell
TACCTATGTAGCGAGT-1	-12.51	-0.81	Bcell
TACCTATGTCCGGTAC-1	-11.46	0.14	Bcell
TACCTATTCCGGGCAT-1	-13.57	-0.99	Bcell
TACCTCGAGTTGACAA-1	-5.77	-6.79	CD8
TACCTCGCAAGTCCTA-1	-11.1	-1.07	Bcell
TACCTCGTCGCTACCT-1	-13.36	1.15	Bcell
TACCTCGTCTCGCGGA-1	-13.62	-0.93	Bcell
TACGCAAAGCAACTGG-1	-12.1	-0.97	Bcell
TACGCAACAAACCTAC-1	-13.43	1.5	Bcell
TACGCAACACTCGTGG-1	-13.59	-0.13	Bcell
TACGCAATCTTACGGA-1	-12.57	1.61	Bcell
TACGCCTCAGGCACAA-1	-14.03	0.8	Bcell
TACGCCTGTAATGCCT-1	-13.9	-1.11	Bcell
TACGGATAGGAAGAAC-1	-12.34	0.42	Bcell
TACGGATAGGTTGTTC-1	-14.42	-0.4	Bcell
TACGGATCAAGTGGCA-1	-13.32	-0.06	Bcell
TACGGATCAGCGCGTT-1	-12.63	-0.63	Bcell
TACGGATGTGTTGTTG-1	-12.45	0.57	Bcell
TACGGATTCGGTGATT-1	-13.28	-0.34	Bcell
TACGGATTCTGACTTT-1	-12.92	0.38	Bcell
TACGGATTCTGTTTAC-1	-13.36	-1.25	Bcell
TACTAGGCAAACGACG-1	-13.34	-0.41	Bcell
TACTAGGGTCTCTGCT-1	-11.98	-0.69	Bcell
TACTCGCAGATCTCAC-1	-11.4	1.04	Bcell
TACTCGCAGCTATCGT-1	-12.38	1.49	Bcell
TACTCGCAGGTTGTGG-1	-13.13	1.36	Bcell
TACTCGCAGTATGGGC-1	-13.82	-0.33	Bcell
TACTCGCCACTTTGGA-1	-14.1	0.71	Bcell
TACTCGCGTTCAGTAC-1	3.62	-9.27	CD4
TACTGCCCAAGCAATA-1	-13.18	-0.73	Bcell
TACTGCCCAAGCCTTA-1	-14.05	0.7	Bcell
TACTGCCCATGCACTA-1	-12.93	-0.48	Bcell
TACTGCCTCTATCTAC-1	-12.93	0.53	Bcell
TAGACTGGTCGAGGTA-1	-13.49	-0.73	Bcell
TAGCACACACTTTGGA-1	-11.63	0.5	Bcell
TAGCACAGTAAGTCTC-1	-12.87	0.28	Bcell
TAGCACATCAGTCTTT-1	-12.43	0.46	Bcell
TAGCACATCAGTGTAC-1	-12.75	0.41	Bcell
TAGCACATCGGAGTTT-1	-1.91	-5.8	CD8
TAGCATGGTCAAATCC-1	-11.64	0.53	Bcell
TAGCATGGTGAGTAAT-1	-13.21	1.87	Bcell
TAGCATGGTTTCCACC-1	-12.95	-1.29	Bcell
TAGCATGTCGAACCGC-1	3.65	-9.26	CD4
TAGCCCTCAAAGGCCA-1	-13.75	1.3	Bcell
TAGCCCTCAATTCGTG-1	-13.63	-0.14	Bcell
TAGCCCTCATCGAGTT-1	-12.98	0.85	Bcell
TAGCCCTTCGCACCGA-1	-13.58	-0.21	Bcell
TAGCCCTTCGGTAGGA-1	-13.39	0.68	Bcell
TAGCCGGAGGTACACG-1	-12.46	1.33	Bcell
TAGCCGGAGTGGGACT-1	-12.65	1.6	Bcell
TAGCCGGCAAAGGTCG-1	-12.89	1.05	Bcell
TAGCCGGGTGATCAGG-1	-14.2	0.01	Bcell
TAGCCGGGTGCTTGAT-1	-12.6	-0.61	Bcell
TAGCCGGGTTCACGTA-1	-2.26	-5.3	CD8
TAGCCGGTCACTGATG-1	-12.52	1.51	Bcell
TAGCGGCAGACTAATG-1	-12.59	1.43	Bcell
TAGCGGCAGATTGACA-1	-3.74	-5.42	CD8
TAGCGGCAGCTGAGGT-1	-13.57	-0.32	Bcell
TAGCGGCCAAGGAACC-1	-11.82	-0.18	Bcell
TAGCGGCCACAGCCAC-1	-13.35	1.8	Bcell
TAGCGGCCACCGTTGG-1	-13.32	0.07	Bcell
TAGCGGCGTTTGCCCT-1	-11.32	0.01	Bcell
TAGCGGCTCTTAACGG-1	-13.04	2.28	Bcell
TAGCTTTAGCGAATAT-1	-11.88	1.84	Bcell
TAGCTTTAGGCAAGGG-1	-13.41	0.55	Bcell
TAGGAGGAGCGTCAAG-1	-13.3	-1.69	Bcell
TAGGAGGAGCTCGTTA-1	-12.83	2.31	Bcell
TAGGAGGAGGGTCCCT-1	-12.89	0.32	Bcell
TAGGAGGAGTCCGTGC-1	-13.11	-0.44	Bcell
TAGGAGGCATCCATAG-1	-13.24	0.21	Bcell
TAGGAGGGTGTCCTTC-1	-12.27	0.38	Bcell
TAGGAGGGTGTCTACA-1	-14.29	-0.8	Bcell
TAGGAGGTCCCAATGA-1	-12.89	-0.77	Bcell
TAGGTCACACCCTTTG-1	-12.1	0.35	Bcell
TAGGTGTGTCCGTCGA-1	5.66	-8.78	CD4
TAGGTGTTCCACACCT-1	-12.3	1.32	Bcell
TAGGTGTTCCGGGCAT-1	-12.67	-1.05	Bcell
TAGGTGTTCTTCTTCC-1	-13.17	1.12	Bcell
TAGTCCCAGGTAGGAA-1	-12.9	0.67	CD4
TAGTCCCCATCAGAAA-1	-12.86	-0.3	Bcell
TAGTCCCCATGGTTTG-1	-14.06	-0.31	Bcell
TAGTCCCGTAATGTGA-1	-13.28	-0.63	Bcell
TAGTCCCGTCCACCAG-1	-3.06	-5.32	CD8
TATCGAGAGAATGCTA-1	-12.72	0.14	Bcell
TATCGAGAGTCTCTAG-1	-13.57	0.63	Bcell
TATCGAGCATTCCCGT-1	-14.16	-0.44	Bcell
TATCGAGGTACCCACG-1	-13.38	0.78	Bcell
TATCGAGGTTACTTTC-1	-12.64	0.01	Bcell
TATCGAGTCCGGAAAG-1	3.86	-9.21	CD4
TATCTGTAGCATTCCA-1	-12.42	1.48	Bcell
TATCTGTGTCATCAAC-1	-14.06	1.03	Bcell
TATCTGTGTGGAAGCT-1	7.64	-9.14	CD4
TATCTGTTCCATCATT-1	-12.27	-0.26	Bcell
TATGTGGAGGAATGGA-1	-12.16	1.77	Bcell
TATGTGGAGGATGCCA-1	-12.98	1	Bcell
TATGTGGAGGCCAATG-1	-13.42	0.28	Bcell
TATGTGGCACGTTACA-1	-12.77	0.43	Bcell
TATGTGGGTCCAGACC-1	-13.05	-1.42	Bcell
TATGTGGGTGCCAAGA-1	-12.87	1	Bcell
TATGTTCAGGGAAATG-1	-13.03	0.87	Bcell
TATGTTCTCCTAGAGT-1	1.4	8.23	myeloid
TATGTTCTCTGACATG-1	-12.7	0.2	Bcell
TATTGCTAGCAACGGT-1	-12.15	-0.8	Bcell
TATTGCTAGTTCAGGG-1	-14.4	-0.07	Bcell
TCAAAGCCAGTAGTTC-1	-12.39	-0.4	Bcell
TCAAAGCGTAGTAACA-1	-8.82	-3.93	NKcell
TCAAAGCGTATTGTGC-1	-12.17	-0.64	Bcell
TCAAAGCGTCTGTTGA-1	-12.49	1.45	Bcell
TCAAAGCTCATTCTCA-1	3.4	6.27	myeloid
TCAAGACAGACACAAT-1	-13.41	-0.38	Bcell
TCAAGACAGCATTCCA-1	-14.01	-0.63	Bcell
TCAAGACCAATGACTC-1	-12.46	2.21	Bcell
TCAAGACTCAAGAGAT-1	-14.04	0.16	Bcell
TCAAGACTCCATATCT-1	-12.59	1.23	Bcell
TCAAGCAGTAGCAGGT-1	-11.73	0.44	Bcell
TCAAGCAGTCCAAGTT-1	-14.27	0.2	Bcell
TCAAGCATCGGTCTCT-1	-12.14	2.08	Bcell
TCAAGGTAGACGCCAA-1	-11.36	0	Bcell
TCAAGGTCAACCTCCT-1	-14.1	1.1	Bcell
TCAAGGTCACTAAACC-1	-13.25	2.26	Bcell
TCAAGGTCATAGATAG-1	-13.07	1.39	Bcell
TCAAGGTCATGCTATG-1	-13.18	0.95	Bcell
TCAAGGTGTAGTAACA-1	-12.81	-1.3	Bcell
TCAAGGTGTCAATCCA-1	-12.78	-0.38	Bcell
TCAAGGTTCGTGGCGT-1	-14.05	0.97	Bcell
TCAATTCAGTGTGTAA-1	-12.43	1.64	Bcell
TCAATTCCATAGCCAT-1	3.32	-9.45	CD4
TCAATTCTCAGGTCTA-1	-12.28	-0.59	Bcell
TCACAAGAGAATATCG-1	-11.95	0.21	Bcell
TCACAAGAGCCTATAC-1	2.16	8.22	myeloid
TCACAAGAGGCTTCGC-1	-11.85	1.42	Bcell
TCACAAGCAGGATAGC-1	-13.06	-0.16	Bcell
TCACAAGTCACTAGCA-1	-12.81	1.83	Bcell
TCACAGAAGAGCACTG-1	-12.95	1.52	Bcell
TCACAGACAAGGAACC-1	-12.63	0.5	Bcell
TCACAGACACTTTGGA-1	-13.09	0.73	Bcell
TCACAGAGTCTGGTTA-1	-13.48	-0.83	Bcell
TCACCACCAACGAGGT-1	-10.95	-0.83	CD8
TCACCACCAAGCGAAC-1	-11.43	-0.79	Bcell
TCACCACCAATGATGA-1	-11.61	-0.45	Bcell
TCACCACCACTTGCGG-1	-12.59	0.97	Bcell
TCACCACTCCAGTACA-1	-13.1	0.12	Bcell
TCACCACTCTTGTACT-1	-12.22	1.9	Bcell
TCACCTGAGAGAACCC-1	-12.91	2.27	Bcell
TCACCTGAGTACAGAT-1	-14.05	0.47	Bcell
TCACCTGCACTAGCCG-1	-6.42	-6.83	CD8
TCACCTGGTTAGGCTT-1	5.01	6.86	myeloid
TCACCTGGTTTGTCTT-1	-11.88	1.09	Bcell
TCACTCGAGGAAACTT-1	-11.93	1.47	Bcell
TCACTCGAGGTACACG-1	-12.85	0.08	Bcell
TCACTCGCAGGGCTTC-1	-13.41	-0.94	Bcell
TCACTCGGTCATCAAC-1	8.27	-9.1	CD4
TCAGCTCGTTAGGAGC-1	-13.33	0.06	Bcell
TCAGCTCTCTAGTCGA-1	-12.3	-0.64	Bcell
TCAGGGCCAACCTCTC-1	-11.48	-0.08	Bcell
TCAGGGCGTGGTCGAA-1	-13.61	1.3	Bcell
TCAGTCCAGCTAGTTC-1	-13.24	2.09	Bcell
TCAGTCCCACATTCTT-1	0.22	9.29	myeloid
TCAGTCCCAGGTCCTG-1	-13.29	2.04	Bcell
TCAGTTTCAACTCAAC-1	-13.73	1.38	Bcell
TCAGTTTGTCTCTGGG-1	6.52	-8.75	CD4
TCCAGAAAGAGGTACC-1	-14.21	0.49	Bcell
TCCAGAAAGATCCGAG-1	-13.36	0.88	Bcell
TCCAGAAGTAACGTAA-1	-13.27	-1.83	Bcell
TCCAGAATCGTATAGC-1	-13.36	1.63	Bcell
TCCAGAATCTACTTTG-1	-13.03	1.11	Bcell
TCCATCGCAGGCTACC-1	-13.75	-0.62	Bcell
TCCATCGCAGGTAGGT-1	-11.55	-0.08	Bcell
TCCCACACAAAGGAAG-1	-11.39	0.37	Bcell
TCCCACAGTTAGGAGC-1	-13.52	0.67	Bcell
TCCGACTAGCAGGACT-1	-14.8	-0.13	Bcell
TCCGACTGTAGAATAC-1	-13.2	0.99	Bcell
TCCGACTTCTCATATC-1	-12.79	0.95	Bcell
TCGAGCGAGAGATTAC-1	-12.71	0.06	Bcell
TCGAGCGAGAGCCTGA-1	-14.12	-0.44	Bcell
TCGAGCGAGGTTGACG-1	-13.1	-0.99	Bcell
TCGAGCGCAAGGAAGA-1	-12.78	0.93	Bcell
TCGAGCGCACGGTTAT-1	-14.29	1.5	Bcell
TCGAGCGTCAAGGCCC-1	-13.1	1.62	Bcell
TCGAGCGTCGGATGTT-1	-14.03	0.54	Bcell
TCGAGCGTCGGTCGAC-1	-12.24	1.36	Bcell
TCGAGCGTCTCGGCGA-1	-12.7	1.47	Bcell
TCGATTTAGATACCAA-1	-13.52	1.03	Bcell
TCGATTTGTTCTGAAC-1	-12.59	-1.16	Bcell
TCGATTTTCCCTACGT-1	-12.17	0.45	Bcell
TCGATTTTCGAGTTAC-1	-11.62	1.05	Bcell
TCGCAGGAGAACGTCG-1	-13.43	-0.4	Bcell
TCGCAGGAGAAGGGCG-1	-13.18	1.86	Bcell
TCGCAGGGTTACTTTC-1	-12.28	-0.33	Bcell
TCGCCTAAGCCATCAT-1	-13.67	0.76	Bcell
TCGCCTACAACTCAAC-1	-13.16	0.98	Bcell
TCGCCTAGTGCCCTAG-1	-12.35	0.9	Bcell
TCGCCTAGTTTCAGCA-1	-12.98	1.27	Bcell
TCGCCTATCGATAGGG-1	-12.9	0.59	Bcell
TCGCCTATCTATCCTA-1	-13.15	-1.49	Bcell
TCGGGACCAAACTACC-1	-13.7	-0.84	Bcell
TCGGGACCAATGTAAG-1	-13.91	-0.04	Bcell
TCGGGACGTGCGCTCA-1	-13.03	-0.2	Bcell
TCGGGACGTTCCATCC-1	-12.08	0.78	Bcell
TCGTTCGAGAAGGGCG-1	-13.55	0.44	Bcell
TCGTTCGAGCGTCTGC-1	-12.39	-1.83	Bcell
TCGTTCGAGGAGAACA-1	-13.47	0.67	Bcell
TCGTTCGAGGTTCTCA-1	-12.75	2.08	Bcell
TCTAGTTCAGTAAGCG-1	-14.36	0.22	Bcell
TCTAGTTCAGTAGGCA-1	-6.24	-6.33	CD8
TCTAGTTGTAGACGCA-1	-12.53	1.38	Bcell
TCTAGTTGTCAAATCC-1	-13.52	0.01	Bcell
TCTAGTTTCGATAGGG-1	-12.62	1.27	Bcell
TCTAGTTTCTTATCAC-1	-13.61	0.7	Bcell
TCTATTGCACTGCTCT-1	-13.89	0.55	Bcell
TCTATTGCACTTACAG-1	-12.18	0.61	Bcell
TCTATTGCAGGAGCAT-1	-13.23	-1.42	Bcell
TCTATTGGTAGACGCA-1	5.27	-9.11	CD4
TCTATTGGTGACAAGC-1	-11.46	1.19	Bcell
TCTCAGCAGGATTGCG-1	-11.96	-0.07	Bcell
TCTCAGCTCGTCAACA-1	-11.65	-1.25	Bcell
TCTCAGCTCTGTGTGA-1	-6.43	-7.01	CD8
TCTCTGGCAAAGCTGG-1	-12.79	-0.3	Bcell
TCTCTGGCATTACCTT-1	-12.34	0.69	Bcell
TCTCTGGGTTAACCAC-1	-13.85	0.67	Bcell
TCTCTGGGTTTCAGCA-1	-12.97	-0.5	Bcell
TCTCTGGTCAGGTCTA-1	-12.32	1.14	Bcell
TGAATCGAGGGAAGCG-1	-12.62	1.69	Bcell
TGAATCGGTAATGCAA-1	-13.52	1.18	Bcell
TGAATCGTCCACGGCA-1	-13.33	0.86	Bcell
TGAATCGTCTCTTCCT-1	-14.1	-0.01	Bcell
TGACAACAGAGTGGAA-1	-12.62	0.74	Bcell
TGACAACGTTTAGGAA-1	-11.12	2.64	Bcell
TGACAACTCCCTACGT-1	-12.1	-0.15	Bcell
TGACAACTCCTAAGTG-1	-12.29	0.17	Bcell
TGACAACTCGACGGAA-1	-12.59	1.01	Bcell
TGACTCCAGAAATGGG-1	-13.15	-0.6	Bcell
TGACTCCCAATGACTC-1	-12.29	1.6	Bcell
TGACTCCCATCCCAAA-1	-13.24	-0.02	Bcell
TGACTCCGTCTCGGGT-1	-12.61	1.91	Bcell
TGACTCCGTTCTTAGG-1	-13.37	0.14	Bcell
TGACTCCGTTGGTAAA-1	-13.72	1.11	Bcell
TGAGCCGCACCTGGTG-1	-13.93	1.19	Bcell
TGAGCCGCACGTTAGT-1	-12.59	1.42	Bcell
TGAGCCGCACTTATGG-1	-12.74	0.4	Bcell
TGAGCCGGTAGATGAT-1	-13.91	0.07	Bcell
TGAGCCGGTCAACAGG-1	0.78	8.65	myeloid
TGAGCCGGTCCAGACC-1	-11.53	-1.19	Bcell
TGAGCCGTCCCAATGA-1	4.4	-9.36	CD4
TGAGTCAAGGAAGAAC-1	-13.22	-1.21	Bcell
TGAGTCAAGGTAGGAA-1	-13.85	0.09	Bcell
TGAGTCAGTATTTGCG-1	-13.25	-0.11	Bcell
TGAGTCATCGCCACTT-1	-12.23	-0.12	Bcell
TGATCAGAGCGCACAA-1	-14.02	1.01	Bcell
TGATCAGGTATTCTCT-1	-12.18	-1.31	Bcell
TGATCAGTCATACTTC-1	4.22	-8.91	CD4
TGATGCAAGTCCGTGC-1	-13.13	0.37	Bcell
TGATGCACAACACGGA-1	-12.91	0.18	Bcell
TGATGCACAACATAAG-1	8.28	-9	CD4
TGATGCACAACGTAGG-1	-13.64	-1.22	Bcell
TGATTTCAGAATCAAC-1	-13.21	-0.35	Bcell
TGATTTCAGTTCGTTG-1	-11.7	0.52	Bcell
TGATTTCCACTCAAGT-1	-12.35	1.95	Bcell
TGATTTCGTCCAACCG-1	-13.07	-1.26	Bcell
TGATTTCGTCGAGGAT-1	-12.48	-0.93	Bcell
TGATTTCGTCTAAAGA-1	-13.22	1.73	Bcell
TGCACCTAGACTAGGC-1	-11.42	-0.54	Bcell
TGCACCTCAATGTGCT-1	-13.53	0.48	Bcell
TGCACCTCACTGTTAG-1	3.2	8.88	myeloid
TGCACCTCATCGTACA-1	-13.04	-0.17	Bcell
TGCACCTTCCCAGTAA-1	-13.97	0.23	Bcell
TGCACCTTCCGGACTG-1	4.13	-9	CD4
TGCACCTTCGTATAGC-1	-12.98	2.33	Bcell
TGCATGAAGGCGTAGT-1	-11.2	0.25	Bcell
TGCATGACAGGTCCTG-1	-13.1	-1.15	Bcell
TGCATGAGTCCCGAGT-1	-12.73	1.2	Bcell
TGCATGATCCGTACGG-1	-13.57	1.23	Bcell
TGCATTTAGTGCACAG-1	-13.29	-0.77	Bcell
TGCATTTCAAGATTAG-1	-11.27	0.7	Bcell
TGCATTTCATCAGAAA-1	-11.94	-0.27	Bcell
TGCATTTGTATCCTTT-1	-12.72	-1.59	Bcell
TGCATTTGTGATAAGT-1	-12.31	0.19	Bcell
TGCATTTGTTACTTTC-1	-13.82	-0.04	Bcell
TGCATTTTCGAGAAGC-1	-13.43	-0.63	Bcell
TGCATTTTCTCTGCAC-1	7.35	-8.84	CD4
TGCCTCAAGCAGAAAG-1	-11.84	0.84	Bcell
TGCCTCACAAATGTCC-1	-13.4	0.48	Bcell
TGCCTCATCAGAATGA-1	-12.41	0.2	Bcell
TGCCTCATCATCGCAA-1	-13.24	1.17	Bcell
TGCCTGTAGGGTAATT-1	-12.59	0.14	Bcell
TGCCTGTGTTATCGAC-1	-13.66	1.36	Bcell
TGCCTGTTCTTGTACT-1	-12.68	-1.01	Bcell
TGCGTAATCCCAGCGA-1	-12.83	1.12	Bcell
TGCTATTCAGAAAGAG-1	-12.02	-0.69	Bcell
TGCTATTTCGAGCGCT-1	-12.74	0.48	Bcell
TGCTCACCATCAACTG-1	5.62	-9.09	CD4
TGCTCACCATGGCCTG-1	-12.93	-1.4	Bcell
TGCTCACGTACCCACG-1	-14.33	-0.79	Bcell
TGCTCACGTCCTTCAC-1	-12.32	-0.35	Bcell
TGCTCGTGTCGACTGC-1	-13.77	-0.71	Bcell
TGCTCGTTCCAGTACA-1	-13.49	-0.81	Bcell
TGCTCGTTCCCAGCAG-1	10.77	4.34	Bcell
TGCTTCGAGGAAGGTA-1	-12	1.16	Bcell
TGCTTCGCACTCGCAG-1	-11.81	1.13	Bcell
TGCTTTAAGAAGCCGT-1	-11.85	-0.24	Bcell
TGCTTTAAGCCAGAAC-1	-12.94	2.05	Bcell
TGCTTTACACCCATCT-1	8.45	-9.03	CD4
TGCTTTACATTCTTTG-1	-12.58	1.06	Bcell
TGCTTTAGTCGAGGTA-1	-13.67	0.13	Bcell
TGCTTTATCGTCCCAT-1	-13.02	-0.69	Bcell
TGGAAGGCAACATAAG-1	-13.3	-0.19	Bcell
TGGAAGGCATAGATAG-1	-13.78	-1.52	Bcell
TGGACATAGACTCGGA-1	-11.71	1.23	Bcell
TGGACATAGCGAGCTA-1	-13.15	-0.64	Bcell
TGGACATGTTTCACCC-1	-12.94	-0.68	Bcell
TGGACATTCCACTAGA-1	-13.89	-0.6	Bcell
TGGACATTCCAGGCCA-1	4.42	-8.82	CD4
TGGACATTCCTATCCG-1	-11.61	-0.77	Bcell
TGGACATTCTACTGCC-1	-12.64	-0.51	Bcell
TGGCAATAGAAGGGCG-1	-14.27	-0.02	Bcell
TGGCAATCACGCTAAT-1	-11.81	0.96	Bcell
TGGCAATGTAATGTAG-1	-13.68	-1.2	Bcell
TGGCCTTAGAAAGGGT-1	-12.89	0.28	Bcell
TGGCCTTAGAGTCCGA-1	-11.82	-1.06	Bcell
TGGCCTTTCCGGCTGA-1	-11.41	0.46	Bcell
TGGCGCAAGGTTGACG-1	-12.05	-1.17	Bcell
TGGCGCACATGGTATC-1	-12.19	1.71	Bcell
TGGCGCATCCCAGCAG-1	-13.63	-1.5	Bcell
TGGCGCATCGGATCGC-1	-14.11	-0.09	Bcell
TGGCGCATCTGAAAGA-1	-11.58	-0.22	Bcell
TGGGTGCAGTTCGCGC-1	-11.71	0.81	Bcell
TGGGTGCCAGAACAGC-1	-11.57	-0.17	Bcell
TGGGTGCCATTGTGAC-1	-13.5	0.09	Bcell
TGGGTGCTCACCACAA-1	-12.23	1.75	Bcell
TGGGTGCTCCAACGCG-1	-12.55	-1.23	Bcell
TGGGTGCTCGCAAGCC-1	-14.08	0.95	Bcell
TGGGTTACAACTAGAA-1	-13.55	1.58	Bcell
TGGGTTACATGTCCCT-1	-13.17	-1.69	Bcell
TGGGTTAGTATCACAC-1	-13.86	0.87	Bcell
TGGGTTAGTCGAGGAT-1	-13.04	1.07	Bcell
TGGGTTATCATCATGG-1	-13.23	-0.18	Bcell
TGGGTTATCATGTTCT-1	7.99	-9.03	CD4
TGGTCAAAGAAATCTG-1	3.41	4.12	myeloid
TGGTCAAAGAGGCAGG-1	5.83	-8.87	CD4
TGGTCAACAAGGGAGG-1	-12.97	0.32	Bcell
TGGTCCTCAACGGACA-1	3.81	-8.88	CD4
TGTAAGCAGAGGAAGT-1	-13.27	-0.54	Bcell
TGTAAGCCATGCCCTT-1	-12.99	0.87	Bcell
TGTAAGCGTGGCCTTG-1	-13.01	-0.84	Bcell
TGTACAGAGATTCCGT-1	-12.61	0.63	Bcell
TGTACAGCAATCACTG-1	4.33	-9.27	CD4
TGTACAGCATCCGTAA-1	-13.39	-0.4	Bcell
TGTACAGGTCCGTGCA-1	-13.11	1.85	Bcell
TGTACAGTCCTTTGAT-1	-13.04	-1.52	Bcell
TGTACGAAGACCAATA-1	-11.7	0.44	Bcell
TGTACGAAGATTACGA-1	-13.47	0.47	Bcell
TGTACGAAGGGTATCG-1	-14.07	-0.79	Bcell
TGTACGAAGTGAACCG-1	-12.54	0.61	Bcell
TGTACGAGTCGTAGTT-1	-12.98	1.59	Bcell
TGTACGAGTGTCGTCG-1	-12.83	0.62	Bcell
TGTACGATCCAACGCG-1	10.81	4.37	Bcell
TGTAGCACAATGGTCT-1	-12.38	-1.03	Bcell
TGTAGCACAGATGGCA-1	-13.11	0.53	Bcell
TGTAGCACAGGGTAAC-1	-12.15	1.76	Bcell
TGTAGCAGTCTGCACG-1	-13.56	-1.05	Bcell
TGTGACAAGACGTCAG-1	-14.02	-0.51	Bcell
TGTGACAAGCTACGTT-1	-14.79	-0.36	Bcell
TGTGACAAGGCAGATC-1	-14.48	-0.53	Bcell
TGTGACACAACCTCCT-1	-13.11	-0.46	Bcell
TGTGACACACACATTG-1	-13	-1.3	Bcell
TGTGACAGTAGCGTTT-1	-13.08	-0.33	Bcell
TGTGGCGAGCTAGTTC-1	-13	2.46	Bcell
TGTGGCGAGTTGCTTG-1	-11.32	-0.04	Bcell
TGTGGCGCACATTGCA-1	-12.6	-0.83	Bcell
TGTGGCGCACCGAATT-1	-13.6	1.48	Bcell
TGTGGCGGTAGTATCC-1	-13.28	-0.21	Bcell
TGTGGCGTCTCTGAGA-1	4.19	-9.18	CD4
TGTGGCGTCTGCCGAG-1	-12.16	0.38	CD4
TGTGTCCAGGTCCTCG-1	-7.87	-3.27	NKcell
TGTGTCCCATGCCCTT-1	3.77	-8.93	CD4
TGTGTCCGTGCAAGCA-1	-12.42	1.49	Bcell
TGTGTCCTCAGTACAC-1	-13.56	-0.32	Bcell
TGTTAGGAGGATGCCA-1	-13.63	1.11	Bcell
TGTTAGGAGGGAGTTC-1	-14.15	0.03	Bcell
TTAACGGAGACGCCCT-1	-11.94	0.37	Bcell
TTAACGGAGTTCAACC-1	2.3	8.49	myeloid
TTAACGGCAAACCTAC-1	-13.89	-0.99	Bcell
TTAACGGGTAACGTAA-1	-12.14	0.21	Bcell
TTAACGGTCCTATCAT-1	-13.38	-1	Bcell
TTACCCGAGAGTCCGA-1	-11.39	-0.08	Bcell
TTACCCGAGTCTAGAA-1	8.31	-8.94	CD4
TTACCCGCATGCTATG-1	-12.32	-0.29	Bcell
TTACCCGCATTAAGGA-1	-12.86	-0.14	Bcell
TTACCCGTCCATTGTT-1	-12.34	0.32	Bcell
TTACCGCAGCAATGTA-1	-14.18	-0.05	Bcell
TTACCGCAGGCCAGTA-1	-6.03	-5.73	CD8
TTACCGCGTATTCTGG-1	-13.79	-0.59	Bcell
TTACCGCGTGAGTTGG-1	-13.27	1.71	Bcell
TTACCGCTCCATCTAT-1	-12.04	1.38	Bcell
TTACCGCTCTATATCC-1	-12.96	1.35	Bcell
TTACGGAAGATACCAA-1	-13.62	-0.09	Bcell
TTACGGAAGCGTGTTT-1	4	-9.8	CD4
TTACGGACATGCACTA-1	-13.82	1.37	Bcell
TTACGGAGTGAGTTGG-1	-11.85	2.28	CD4
TTACGGATCCCAGCAG-1	-14.12	0.28	Bcell
TTACGGATCTCTGAGA-1	-11.96	-0.1	Bcell
TTACGTTCAATACTGC-1	-12.41	1.1	Bcell
TTACGTTCAATTGGCT-1	-11.99	-0.79	Bcell
TTACGTTCACGCGATC-1	-13.45	0.43	Bcell
TTACGTTCAGATTAAG-1	-13.72	-1.07	Bcell
TTACGTTGTACTTCGA-1	-13.34	0.59	Bcell
TTACGTTGTCAGAAAT-1	-12.44	1.8	Bcell
TTACGTTTCGCTAGTA-1	-13.09	2.25	Bcell
TTACTCAAGCTGCTCG-1	-12.53	-0.28	Bcell
TTACTCACAACCTCTC-1	-12	-0.88	Bcell
TTACTCACAGATACAA-1	-13.74	-0.79	Bcell
TTACTCACAGCGTACC-1	-13.11	1.01	Bcell
TTACTCATCCTGAAAC-1	-13.41	-1.43	Bcell
TTACTTGAGAAATCTG-1	-13.85	1.9	Bcell
TTACTTGCAACTCAAC-1	-12.38	1.02	Bcell
TTACTTGGTAGCGGTA-1	-12.82	0.45	Bcell
TTAGCGAAGAAAGCAG-1	-11.63	0.97	Bcell
TTAGCGAAGGCACTAG-1	-13.58	-0.51	Bcell
TTAGCGACATCCGTAA-1	-11.7	0.88	Bcell
TTAGCGAGTGCCCTAG-1	1.04	6.8	myeloid
TTAGCGATCCAAACCA-1	-13.25	1.32	Bcell
TTAGCGATCGGGTCCA-1	-12.35	-0.31	Bcell
TTAGCGATCGTCGCAG-1	-13.95	0.24	Bcell
TTAGCTTAGTCCGTGC-1	-13.62	-0.63	Bcell
TTAGCTTCACCCTTAC-1	8.23	-8.89	CD4
TTAGCTTCATCGGCTG-1	-4.93	-5.37	CD8
TTAGCTTGTAAACGGC-1	-0.04	3.98	myeloid
TTAGCTTGTTCTTTCA-1	-13.21	2.08	Bcell
TTAGCTTGTTTCCTAT-1	-12.49	0.96	Bcell
TTAGCTTTCAGTCTTT-1	-14.43	1.5	Bcell
TTAGGTGAGGCCAATG-1	-11.95	0.05	Bcell
TTAGGTGGTACTAGAA-1	-12.96	0.27	Bcell
TTATGTCAGGTAAGCC-1	-13.49	0.75	Bcell
TTATGTCCAGCGTCGT-1	-11.67	1.41	Bcell
TTATGTCGTAGCAGGT-1	-13.09	-1	Bcell
TTATGTCGTCAATCCA-1	-12.52	-0.42	Bcell
TTATGTCTCTCTCAAT-1	-11.92	1.01	Bcell
TTATGTCTCTTGGCCT-1	7.4	-9.28	CD4
TTCAACTAGAGCAGCT-1	-14.01	0.41	Bcell
TTCAACTGTACGCAAG-1	-14.58	0.77	Bcell
TTCAACTTCCTCTCTT-1	-12.34	-0.59	Bcell
TTCATCAAGTTCGCGC-1	-13.56	-0.58	Bcell
TTCATCACATCACAAC-1	-13.76	-1.24	Bcell
TTCATCAGTCACCCGA-1	-12.18	0.81	Bcell
TTCATCAGTGTAGGAC-1	-12.92	1.95	Bcell
TTCATTGCAAAGCTTC-1	-13.76	0.37	Bcell
TTCATTGCACGGTTAT-1	-14.35	-0.49	Bcell
TTCATTGCAGACTAAA-1	-13.85	0.48	Bcell
TTCATTGTCACTAGGT-1	-14	-0.64	Bcell
TTCGATTAGACCAATA-1	-12.47	0.35	Bcell
TTCGATTAGCGTCAAG-1	-4.16	-5.93	CD8
TTCGATTGTACTATGC-1	-14.51	0.92	Bcell
TTCGATTTCGTCGCAG-1	-13.55	-0.21	Bcell
TTCGCGTAGGCACTAG-1	-12.99	-1.53	Bcell
TTCGCGTCAGTAGTCT-1	-11.92	-0.05	Bcell
TTCGCGTGTTGGACGA-1	-14.57	-0.64	Bcell
TTCGCGTGTTTCTCTA-1	-11.74	0.78	Bcell
TTCGGTCCAGATGGCA-1	-13.66	1.36	Bcell
TTCGGTCGTTCTGATG-1	-12.79	-1.33	Bcell
TTCGTTAAGTGAATAC-1	-12.88	1.07	Bcell
TTCGTTAGTCGGCTGT-1	-13.79	0.97	Bcell
TTCGTTAGTCTGTGTA-1	-13.08	0.3	Bcell
TTCTAACAGTAACATG-1	-12.95	1.37	Bcell
TTCTAACAGTGAAACT-1	-12.57	-0.42	Bcell
TTCTAACCACAAACAA-1	3.99	-9.25	CD4
TTCTAACCACCTGAAT-1	-14.36	0.77	Bcell
TTCTAACGTGGTAAGC-1	-11.7	0.66	Bcell
TTCTGTAAGCCTATAC-1	-12.23	0.81	Bcell
TTCTGTAGTCATGAGG-1	-12.99	1.68	Bcell
TTCTGTATCCGAATTG-1	-10.99	-0.33	Bcell
TTCTGTATCTTGTCGC-1	-12.75	0.65	Bcell
TTGACGAAGCACGTAG-1	-13.72	0.34	Bcell
TTGACGACAAGTCTGT-1	-13.18	-0.19	Bcell
TTGACGATCAGTACAC-1	-11.54	-0.05	Bcell
TTGAGCAAGATCGAGC-1	-12.89	0.15	Bcell
TTGAGCAAGTTAGAGT-1	-12.38	0.26	Bcell
TTGAGTGCAAGTAACA-1	3.79	-9.01	CD4
TTGAGTGGTCATGAGG-1	-13.37	-1.03	Bcell
TTGAGTGGTGGACAGT-1	-11.89	1.45	Bcell
TTGAGTGTCGGGAAAC-1	-14.28	0.5	Bcell
TTGAGTGTCTTCTTCC-1	-13.02	-1.34	Bcell
TTGCACCAGAAAGCAG-1	-12.49	1.13	Bcell
TTGCACCCATCATGTG-1	-11.32	0.08	Bcell
TTGCACCCATGGCCGT-1	-13.34	2	Bcell
TTGCACCGTCCTCAGG-1	-10.75	2.76	myeloid
TTGCACCGTTGCAGAG-1	-12.79	-0.85	Bcell
TTGCACCGTTGCAGCC-1	-13.01	0.09	Bcell
TTGCAGACAATGGTCT-1	-13.03	1.18	Bcell
TTGCAGACATATTGGC-1	-11.86	1.65	Bcell
TTGCAGAGTAGGGTCA-1	-12.54	-0.74	Bcell
TTGCAGAGTGATAACA-1	-12.44	1.26	Bcell
TTGCCCAAGAGAAGCA-1	-11.59	-1.1	Bcell
TTGCCCAAGTGTCCCG-1	-12.8	1.27	Bcell
TTGCCCAGTATTGTCG-1	-13.46	1.01	Bcell
TTGCCCAGTGAGGTCA-1	-13.1	0.77	Bcell
TTGCCCATCAGGAATA-1	-12.49	-0.23	Bcell
TTGCGAAAGAGCTCCC-1	-1.54	-6.41	CD8
TTGCGAATCTAGCAAC-1	-13.61	-1.1	Bcell
TTGCGAATCTGACTTT-1	-11.88	0.29	Bcell
TTGCGGGCAGGCAAGT-1	-12.08	1.56	Bcell
TTGCGGGCATGCCTTC-1	-13.44	-1.58	Bcell
TTGCGGGCATGCGACC-1	-13.43	1.11	Bcell
TTGCGGGTCCCAGCGA-1	-12.08	-0.31	Bcell
TTGCTATAGATCGAGC-1	-12.58	-0.06	Bcell
TTGCTTAAGTGAGTTA-1	-14.3	-0.36	Bcell
TTGCTTACAAGGCTTT-1	-12.35	-0.64	Bcell
TTGCTTACACAGCCAC-1	-14.29	0.84	Bcell
TTGCTTACACCTGGTG-1	-12.79	0.87	Bcell
TTGCTTAGTGAAACAT-1	-12.24	0.72	Bcell
TTGCTTAGTGCAAGAC-1	-13.55	1.05	Bcell
TTGCTTATCTTAAGCG-1	-12.21	-0.22	Bcell
TTGCTTATCTTGTGCC-1	-12.66	1.67	Bcell
TTGGTCCAGACAGCTG-1	-12.98	-0.04	Bcell
TTGGTCCAGCAATGTA-1	-14.12	-0.67	Bcell
TTGGTCCAGGCTAAAT-1	-13.95	-0.98	Bcell
TTGGTCCAGTATGGGC-1	-13.44	-1.24	Bcell
TTGGTCCAGTCGATAA-1	-11.78	-0.64	Bcell
TTGGTCCCATCGTGAT-1	-12.77	1.94	Bcell
TTGGTCCGTCCGTGCA-1	-12.93	1.33	Bcell
TTGGTCCGTGCTGAAG-1	-13.16	0.46	Bcell
TTGGTCCGTTCCATCC-1	-12.52	0.29	Bcell
TTGTCTAAGCTGATTC-1	-13.28	0.24	Bcell
TTGTCTAGTACGCCCA-1	-11.83	-0.28	Bcell
TTGTCTATCTTAAGCG-1	-12.99	1.04	Bcell
TTGTTCAAGATGCGCA-1	-12.91	0.91	Bcell
TTGTTCAAGCCATCAT-1	-12.26	0.12	Bcell
TTGTTCACACCCTTTG-1	-14.27	-0.16	Bcell
TTGTTCAGTACGACCC-1	-13.43	1.92	Bcell
TTGTTCATCACCACAA-1	-12.95	0.19	Bcell
TTGTTCATCCGTCAAA-1	-13.91	-0.66	Bcell
TTGTTCATCGGCAATT-1	4.35	-9.24	CD4
TTGTTGTCAATGCACT-1	-5.37	-5.84	CD8
TTGTTGTTCGACTGGC-1	3.77	3.56	myeloid
TTTACGTCAACTCCCT-1	-13.11	1.54	Bcell
TTTACGTGTTAGAGAT-1	-12.77	1.6	Bcell
TTTGCGCGTCCGTCGA-1	-13.26	-0.57	Bcell
TTTGCGCGTTCCATCC-1	-12.34	1.22	Bcell
TTTGCGCTCGCAAACT-1	-13.67	-0.12	Bcell
TTTGGCCAGAGAAGCA-1	-12	-0.15	Bcell
TTTGGCCCAATCACTG-1	-12.74	-1.77	Bcell
TTTGGCCCAGGTGTGA-1	-12.39	-1.22	Bcell
TTTGGTTAGAAACGCC-1	-12.46	1.05	Bcell
TTTGGTTGTAATGCAA-1	-13.99	-0.4	Bcell
TTTGGTTTCCATAACG-1	-12.69	0.22	Bcell
TTTGTGTAGAAGCCTG-1	-13.37	-0.2	Bcell
TTTGTGTAGAAGGGCG-1	-14.21	1.14	Bcell
TTTGTGTTCGGTTAGT-1	-11.92	0.58	Bcell
